"uuid","eccentricity_deg","critical_spacing_deg","correctRate","crowdingSession"
"8e03863e-f52f-4a8e-9aef-3489ec880383",4,1,0.92,1
"8e03863e-f52f-4a8e-9aef-3489ec880383",4,1.3,0.92,2
"84e21902-019e-46ac-8182-24df861563b9",6,1,0.96,1
"84e21902-019e-46ac-8182-24df861563b9",6,2.92,0.84,2
"25c4112f-36e0-446a-9695-8c0c59f2300b",4,1.3,0.88,1
"25c4112f-36e0-446a-9695-8c0c59f2300b",4,1.37,0.88,2
"71a1e36c-cf8d-4047-927f-00998b215a92",4,1.3,0.96,1
"71a1e36c-cf8d-4047-927f-00998b215a92",4,1,0.96,2
"52b97759-dccb-4a5d-a8e8-1ff43860c578",4,1,0.88,1
"52b97759-dccb-4a5d-a8e8-1ff43860c578",4,1.48,0.84,2
"901da392-7a09-4706-bee5-48ff9eb9198a",4,1.69,0.88,1
"901da392-7a09-4706-bee5-48ff9eb9198a",6,2.5,0.88,2
"2a6ee495-04b5-4fe2-a06a-7162d11f3428",6,2.66,0.88,1
"2a6ee495-04b5-4fe2-a06a-7162d11f3428",6,1.69,0.92,2
"67568eff-d48a-48a9-a60c-8cbaacc80d16",4,1.43,0.88,1
"67568eff-d48a-48a9-a60c-8cbaacc80d16",4,1.82,0.76,2
"db507983-f613-472b-a5bd-8acb8bb651a4",6,1.83,0.92,1
"db507983-f613-472b-a5bd-8acb8bb651a4",6,1.19,0.92,2
"db2cb2e4-edb2-4a77-8245-998edc46e5b2",6,1.58,0.92,1
"db2cb2e4-edb2-4a77-8245-998edc46e5b2",6,1.13,0.92,2
"8f001ab1-7424-4426-afdb-3b409998000e",4,1.1,0.92,1
"8f001ab1-7424-4426-afdb-3b409998000e",4,1.58,0.88,2
"80d34e96-4d0e-4dc6-a684-094f48c8a55a",4,1.1,0.88,1
"80d34e96-4d0e-4dc6-a684-094f48c8a55a",4,1,0.96,2
"8f856f69-e232-441b-a02e-fc21a33c0408",4,1.69,0.92,1
"8f856f69-e232-441b-a02e-fc21a33c0408",4,1,0.92,2
"c0780a69-fce7-4c87-9ed9-2ec6c3ee24c4",4,1.43,0.88,1
"c0780a69-fce7-4c87-9ed9-2ec6c3ee24c4",4,1.1,0.92,2
"adfb6a66-dd66-4586-8a3a-b34b7cb59aa9",6,4.43,0.8,1
"adfb6a66-dd66-4586-8a3a-b34b7cb59aa9",6,2.17,0.88,2
"e2d6226b-d75b-4d76-8482-484ad5699488",6,3.41,0.8,1
"e2d6226b-d75b-4d76-8482-484ad5699488",4,1.86,0.84,2
"eecc0b6e-83e8-461c-aea9-96437aa591ef",6,4.99,0.8,1
"eecc0b6e-83e8-461c-aea9-96437aa591ef",4,1.73,0.88,2
"dd81f54e-1f99-48e1-856b-8e6ffa605d37",4,1.1,0.92,1
"dd81f54e-1f99-48e1-856b-8e6ffa605d37",4,1.61,0.88,2
"d144119c-5100-4452-8303-b9fd265e0f12",4,3,0.72,1
"d144119c-5100-4452-8303-b9fd265e0f12",4,3,0.44,2
"24729c1d-51ad-4b06-a030-d285e24ebce0",4,1,1,1
"24729c1d-51ad-4b06-a030-d285e24ebce0",4,1.73,0.88,2
"0e1d513b-d2c4-4375-bf83-2414cf6d9cc2",6,1.59,0.92,1
"0e1d513b-d2c4-4375-bf83-2414cf6d9cc2",4,1.15,0.92,2
"0ce863ed-ae80-4601-864f-0f527ba461e6",4,1.1,0.92,1
"0ce863ed-ae80-4601-864f-0f527ba461e6",4,1,0.96,2
"f6b201c8-60fc-452a-9a95-57585c41ac84",4,1.73,0.88,1
"f6b201c8-60fc-452a-9a95-57585c41ac84",4,1.91,0.88,2
"32c89b30-063c-4aa4-ae5a-8f6237995faf",4,1.1,0.92,1
"32c89b30-063c-4aa4-ae5a-8f6237995faf",6,2.64,0.84,2
"88c32dc5-95c2-4b22-8d42-feeeded668f7",4,1.43,0.88,1
"88c32dc5-95c2-4b22-8d42-feeeded668f7",4,1.3,0.88,2
"ff79820a-9a58-47bd-8a3c-b48e17e13020",4,1.82,0.88,1
"ff79820a-9a58-47bd-8a3c-b48e17e13020",4,1.07,0.96,2
"885db1f7-28a3-4919-8191-34ba465305ea",4,2.79,0.84,1
"885db1f7-28a3-4919-8191-34ba465305ea",4,2.19,0.88,2
"882a12a6-9a80-4817-9fa5-47110ac3685a",6,2.62,0.84,1
"882a12a6-9a80-4817-9fa5-47110ac3685a",4,1.58,0.88,2
"14a1bc40-8e42-45e0-9104-47d865bcef1d",4,1.78,0.88,1
"14a1bc40-8e42-45e0-9104-47d865bcef1d",4,1.69,0.88,2
"b8dd8642-a372-4339-9376-8a07205b9f5b",4,1.58,0.88,1
"b8dd8642-a372-4339-9376-8a07205b9f5b",6,1.27,0.88,2
"12fbaad2-e386-4b2e-bae8-95971dbceb0b",4,1.1,0.88,1
"12fbaad2-e386-4b2e-bae8-95971dbceb0b",4,1.1,0.92,2
"bbee09fc-d680-4b1a-9bf5-79f9b2f89607",4,1.3,0.92,1
"bbee09fc-d680-4b1a-9bf5-79f9b2f89607",4,1.3,0.92,2
"fbb46d2a-4b45-4124-8687-3cbcf4cddf32",4,1.4,0.88,1
"fbb46d2a-4b45-4124-8687-3cbcf4cddf32",4,1.07,0.92,2
"cfa4ad65-5013-440d-9505-afca368ff112",4,1,0.92,1
"cfa4ad65-5013-440d-9505-afca368ff112",4,1,0.96,2
"2bbbfe56-437a-4f29-a308-19ada1cbe6d0",4,1.24,0.92,1
"2bbbfe56-437a-4f29-a308-19ada1cbe6d0",6,1.69,0.92,2
"39acf276-62b4-49fe-95f3-171504ae66ed",4,1.69,0.88,1
"39acf276-62b4-49fe-95f3-171504ae66ed",4,1.1,0.88,2
"6cbc8c01-4a5d-490e-a5bd-b494877936c9",6,2.15,0.88,1
"6cbc8c01-4a5d-490e-a5bd-b494877936c9",6,2.36,0.84,2
"15c03128-3d0a-4c54-8e24-1f5da32dba43",6,4.09,0.68,1
"15c03128-3d0a-4c54-8e24-1f5da32dba43",6,1.86,0.84,2
"3eaba56c-8e85-448d-bb17-10fdbf09a907",4,1.58,0.88,1
"3eaba56c-8e85-448d-bb17-10fdbf09a907",4,1.3,0.92,2
"07cfdbd7-0ba7-470a-90dc-65aba5a57a8e",4,1.5,0.88,1
"07cfdbd7-0ba7-470a-90dc-65aba5a57a8e",4,1.73,0.84,2
"8b30ca4a-2a08-482c-b243-caecfbe3b07d",4,1.91,0.88,1
"8b30ca4a-2a08-482c-b243-caecfbe3b07d",4,1.18,0.92,2
"4d7ecd8c-e2eb-436f-b779-5f37ccff3970",4,2.91,0.64,1
"4d7ecd8c-e2eb-436f-b779-5f37ccff3970",4,2.91,0.64,2
"6fd4f084-12aa-4e91-8f83-e5d0e8e26d94",4,1.07,0.92,1
"6fd4f084-12aa-4e91-8f83-e5d0e8e26d94",4,1.3,0.92,2
"dd01552f-f97b-4636-9400-afae461669dc",4,1.91,0.88,1
"dd01552f-f97b-4636-9400-afae461669dc",6,1.83,0.92,2
"450c3a06-729f-4f7a-918a-61f0341a0c1b",6,2.53,0.88,1
"450c3a06-729f-4f7a-918a-61f0341a0c1b",4,1.5,0.84,2
"6b109b61-2962-4327-ba31-8e55ceb9007e",4,1.3,0.88,1
"6b109b61-2962-4327-ba31-8e55ceb9007e",4,1.74,0.88,2
"1811d0bd-8ebb-4070-be26-8f3eb69573a4",4,1.37,0.84,1
"1811d0bd-8ebb-4070-be26-8f3eb69573a4",4,2.48,0.8,2
"a9bd834f-d0a0-48d1-b3c6-ff7aae509c24",6,1.83,0.92,1
"a9bd834f-d0a0-48d1-b3c6-ff7aae509c24",6,2.88,0.88,2
"69458760-a518-4375-9614-b5b5638ce5a3",4,1.7,0.88,1
"69458760-a518-4375-9614-b5b5638ce5a3",4,2.44,0.84,2
"80fb0cec-7228-46ac-b254-8b47375cf5eb",4,1.5,0.92,1
"80fb0cec-7228-46ac-b254-8b47375cf5eb",4,1.3,0.92,2
"c6e1a960-30c7-495c-96db-2c2184c704a4",4,1.1,0.92,1
"c6e1a960-30c7-495c-96db-2c2184c704a4",4,1.1,0.92,2
"e60cbf10-1201-4717-b689-9336a47bee67",4,1.69,0.88,1
"e60cbf10-1201-4717-b689-9336a47bee67",4,1,0.96,2
"b92b88a8-82a8-46e5-adff-eecd2dee7add",4,1.77,0.8,1
"b92b88a8-82a8-46e5-adff-eecd2dee7add",4,2.14,0.64,2
"cd294ec9-0235-4654-b3d3-bebef00355d9",6,1.83,0.92,1
"cd294ec9-0235-4654-b3d3-bebef00355d9",4,1,0.96,2
"3ed8acd5-9613-4da3-8b7a-8a44e6c1dfcc",4,1.5,0.84,1
"3ed8acd5-9613-4da3-8b7a-8a44e6c1dfcc",4,1.3,0.92,2
"509e52f6-581c-4506-989c-03f5dd2037a8",6,3.97,0.8,1
"509e52f6-581c-4506-989c-03f5dd2037a8",4,1.69,0.88,2
"8f55a017-b21f-4b75-ad6d-6c028093319f",4,1,0.84,1
"8f55a017-b21f-4b75-ad6d-6c028093319f",4,1.3,0.92,2
"c888d2b8-22a6-4878-828d-001c695c2f2e",6,3.06,0.84,1
"c888d2b8-22a6-4878-828d-001c695c2f2e",4,1.43,0.88,2
"8dc7030c-75a7-4ac7-b367-607246a7ea57",4,1.1,0.92,1
"8dc7030c-75a7-4ac7-b367-607246a7ea57",6,3.75,0.84,2
"5ec4247d-5d16-4b76-b9d3-75906446304d",4,1.07,0.96,1
"5ec4247d-5d16-4b76-b9d3-75906446304d",4,1.3,0.92,2
"68c0a2b7-fbf7-4026-8221-1e50922a42c9",4,1.81,0.88,1
"68c0a2b7-fbf7-4026-8221-1e50922a42c9",4,2.05,0.84,2
"842fe54e-5ecf-45a8-b223-c5fb00d42108",4,1.3,0.92,1
"842fe54e-5ecf-45a8-b223-c5fb00d42108",4,1.1,0.88,2
"bfd9cd0c-cec0-47cd-b38a-f71b74af52bd",6,3.75,0.84,1
"bfd9cd0c-cec0-47cd-b38a-f71b74af52bd",4,2.1,0.84,2
"57e90896-5927-4033-a191-ec110982fd9a",6,3.19,0.76,1
"57e90896-5927-4033-a191-ec110982fd9a",6,2.9,0.84,2
"ec505e23-adee-4efc-8af3-b0f7946bed2d",6,2.84,0.88,1
"ec505e23-adee-4efc-8af3-b0f7946bed2d",4,1,1,2
"4f2289a5-f8fc-4a31-a5f0-376054343c9c",4,1,0.96,1
"4f2289a5-f8fc-4a31-a5f0-376054343c9c",4,1.55,0.84,2
"41a2c8a2-16c8-4db5-87fa-459062035387",4,1.88,0.8,1
"41a2c8a2-16c8-4db5-87fa-459062035387",4,1.39,0.88,2
"aec24a42-cfb5-4e83-a19f-3383b8268805",4,1.39,0.92,1
"aec24a42-cfb5-4e83-a19f-3383b8268805",4,1.3,0.96,2
"e6e25e32-9636-4d03-9846-14462c8315e3",4,2.26,0.84,1
"e6e25e32-9636-4d03-9846-14462c8315e3",4,1,0.92,2
"bdf39166-edba-48d3-b10d-b5d89df617d7",4,1.58,0.88,1
"bdf39166-edba-48d3-b10d-b5d89df617d7",4,1,0.92,2
"2c28e646-7c88-4a31-8c30-a8b0ec497182",4,1.69,0.84,1
"2c28e646-7c88-4a31-8c30-a8b0ec497182",4,1,0.96,2
"c56bc712-5db6-4c24-8fc3-11d91cc388c5",4,1.43,0.88,1
"c56bc712-5db6-4c24-8fc3-11d91cc388c5",6,3.32,0.8,2
"ac3f8707-8084-4f89-9480-7ad07fb18c64",6,2.95,0.88,1
"ac3f8707-8084-4f89-9480-7ad07fb18c64",4,1.1,0.88,2
"aafd0957-d92e-48b0-bc1a-63a040f4ee91",6,4.52,0.56,1
"aafd0957-d92e-48b0-bc1a-63a040f4ee91",4,2.54,0.8,2
"2104df8a-5f24-4655-9b02-016b06ebe984",4,2.15,0.84,1
"2104df8a-5f24-4655-9b02-016b06ebe984",4,1.07,0.88,2
"0f50b07b-5744-41a0-9b4c-5f60c05a5ae8",6,4.12,0.56,1
"0f50b07b-5744-41a0-9b4c-5f60c05a5ae8",4,1.78,0.88,2
"586b4008-9255-42a6-a0da-4c36de7dbf14",6,2.56,0.88,1
"586b4008-9255-42a6-a0da-4c36de7dbf14",6,1.86,0.88,2
"0bd608d7-e2df-4e29-93e1-7784c9d55779",6,3.33,0.8,1
"0bd608d7-e2df-4e29-93e1-7784c9d55779",6,3.66,0.6,2
"1eaf582b-6b3f-4af1-a0c6-78a4b1a47d8f",4,2.1,0.84,1
"1eaf582b-6b3f-4af1-a0c6-78a4b1a47d8f",4,1.3,0.92,2
"8a5d26d3-54cb-49cd-baa5-34d45cfc11a3",4,1.91,0.88,1
"8a5d26d3-54cb-49cd-baa5-34d45cfc11a3",4,1.1,0.92,2
"327bc4ba-781d-41be-ad3b-68b0ac22e4d9",6,2.53,0.88,1
"327bc4ba-781d-41be-ad3b-68b0ac22e4d9",6,3.22,0.84,2
"ebea8013-0c7b-4647-aa1d-9e19dc840c3c",6,1.51,0.92,1
"ebea8013-0c7b-4647-aa1d-9e19dc840c3c",6,1.67,0.92,2
"63fdffca-d8bb-4165-9339-4470e5303517",6,2.02,0.8,1
"63fdffca-d8bb-4165-9339-4470e5303517",6,2.62,0.88,2
"ae3aad4e-ab75-4b84-955f-d991c6cb24fa",6,2.23,0.88,1
"ae3aad4e-ab75-4b84-955f-d991c6cb24fa",4,1,1,2
"d6558b5c-b973-448d-8f0b-92d364306bd4",4,1.36,0.88,1
"d6558b5c-b973-448d-8f0b-92d364306bd4",4,1.1,0.92,2
"dd7735d5-9084-4223-a2c8-e7aff7fefb97",4,1.69,0.88,1
"dd7735d5-9084-4223-a2c8-e7aff7fefb97",4,1.3,0.92,2
"29d4d462-3ab1-4543-8e38-07d601ac5e71",4,1.1,0.92,1
"5be432fc-10ab-46e3-bf6a-96741ad8099f",4,1.1,0.92,1
"29d4d462-3ab1-4543-8e38-07d601ac5e71",4,1,0.92,2
"5be432fc-10ab-46e3-bf6a-96741ad8099f",4,1.39,0.92,2
"efefd129-36e9-4406-9595-0002026556c6",4,1.91,0.88,1
"efefd129-36e9-4406-9595-0002026556c6",4,2.66,0.84,2
"af094d08-1981-4845-9939-813fa87b88ea",4,1.43,0.88,1
"af094d08-1981-4845-9939-813fa87b88ea",4,1.1,0.88,2
"16d97004-7155-4b04-a8be-ed6008f6eaf6",6,1.36,0.92,1
"16d97004-7155-4b04-a8be-ed6008f6eaf6",6,2.14,0.88,2
"00a013b3-9e17-4a7c-bbfb-281de9eec54f",6,1.86,0.88,1
"00a013b3-9e17-4a7c-bbfb-281de9eec54f",4,1.18,0.92,2
"f20f70a3-e6eb-4abe-9373-f72de373313c",4,1.15,0.92,1
"f20f70a3-e6eb-4abe-9373-f72de373313c",4,1.15,0.92,2
"c0f7772e-3718-4110-8c22-8015022170cd",4,1.03,0.88,1
"c0f7772e-3718-4110-8c22-8015022170cd",4,1,0.92,2
"31eb7c4f-d5c7-4bd8-9e51-a81e6b041c68",4,3,0.48,1
"31eb7c4f-d5c7-4bd8-9e51-a81e6b041c68",6,4.99,0.68,2
"76fb9310-3d86-42b3-a235-01cd29381d5b",4,1.05,0.92,1
"76fb9310-3d86-42b3-a235-01cd29381d5b",4,1.1,0.92,2
"84d58425-da66-4401-9f8d-d7755eb8466b",6,4.5,0.48,1
"84d58425-da66-4401-9f8d-d7755eb8466b",4,3,0.56,2
"d683f856-a10a-4e98-8f4c-3499fe2af003",6,1.83,0.88,1
"d683f856-a10a-4e98-8f4c-3499fe2af003",4,1.73,0.88,2
"1a1f3ab7-76f4-49bb-89a5-ef3a7287d7ab",4,1.3,0.96,1
"1a1f3ab7-76f4-49bb-89a5-ef3a7287d7ab",4,1.58,0.88,2
"190bbced-9044-4c81-96ff-b2b529837cb9",4,2.16,0.56,1
"190bbced-9044-4c81-96ff-b2b529837cb9",4,2.11,0.8,2
"d08d395b-0140-4c55-9c13-36c327c2adbd",4,3,0.68,1
"d08d395b-0140-4c55-9c13-36c327c2adbd",4,3,0.56,2
"673d0a83-3be4-48e5-b7a6-a82ace8c2894",4,1,1,1
"673d0a83-3be4-48e5-b7a6-a82ace8c2894",6,1.06,0.96,2
"6abcf76b-f6d5-46c9-b760-1931809f8ec5",6,1.63,0.88,1
"6abcf76b-f6d5-46c9-b760-1931809f8ec5",6,2.5,0.88,2
"0794b01b-f2a0-4bcb-b117-7b5ef2e7c332",6,4.82,0.72,1
"0794b01b-f2a0-4bcb-b117-7b5ef2e7c332",4,3,0.64,2
"8a671f3e-6b5f-442b-994b-5b0019d3f197",4,1.3,0.92,1
"8a671f3e-6b5f-442b-994b-5b0019d3f197",4,1,0.96,2
"c23734fd-5217-448e-b00d-7c5ed73c00d9",6,4.15,0.72,1
"c23734fd-5217-448e-b00d-7c5ed73c00d9",6,1.52,0.88,2
"99cb004c-dcb8-49be-8854-a1b8978e03cc",6,2.59,0.88,1
"99cb004c-dcb8-49be-8854-a1b8978e03cc",6,1.5,0.92,2
"64446f0a-8a9c-44d4-8a81-5155f81ba92c",4,2.13,0.8,1
"64446f0a-8a9c-44d4-8a81-5155f81ba92c",4,2.29,0.8,2
"e092cae6-c23d-443b-b805-8b6040b268b9",6,4.88,0.76,1
"e092cae6-c23d-443b-b805-8b6040b268b9",4,2.73,0.72,2
"2ec2c450-ca2a-4b1e-a223-550e2b0d7a16",6,2.62,0.88,1
"2ec2c450-ca2a-4b1e-a223-550e2b0d7a16",6,2.62,0.88,2
"23ab9642-aaa1-41ab-a611-0e585cdc1001",4,1.27,0.88,1
"23ab9642-aaa1-41ab-a611-0e585cdc1001",4,2.25,0.84,2
"1d9cca78-78b0-4eed-b664-96a8e2d72f7b",4,1.27,0.92,1
"1d9cca78-78b0-4eed-b664-96a8e2d72f7b",4,1.68,0.84,2
"e01f68bc-632a-45d2-bbf3-a97db4be46d5",4,1.61,0.88,1
"e01f68bc-632a-45d2-bbf3-a97db4be46d5",6,1.71,0.92,2
"1e97bc65-ad1c-40cd-a4d6-6ec52ff3052b",4,1.5,0.88,1
"1e97bc65-ad1c-40cd-a4d6-6ec52ff3052b",4,1,0.92,2
"731b227b-ce0d-4b60-9240-c4bf6cc685ad",4,1.69,0.88,1
"731b227b-ce0d-4b60-9240-c4bf6cc685ad",4,1.1,0.92,2
"ac6db8eb-9daf-4bb7-8c6a-d41b68202925",6,4.99,0.76,1
"ac6db8eb-9daf-4bb7-8c6a-d41b68202925",4,2.19,0.88,2
"17dff061-86d7-4020-a5e4-3feca4fb0e17",6,1.83,0.92,1
"17dff061-86d7-4020-a5e4-3feca4fb0e17",4,1.1,0.92,2
"745138f1-dbcc-4312-99ee-ea06c0c0173b",4,3,0.68,1
"745138f1-dbcc-4312-99ee-ea06c0c0173b",6,2.6,0.88,2
"f6d0e0be-fa65-45b3-b84b-d11b44772548",4,1.22,0.88,1
"f6d0e0be-fa65-45b3-b84b-d11b44772548",4,1.51,0.84,2
"374bad60-b687-485f-8a7b-06b4bf8207d8",4,1.58,0.88,1
"374bad60-b687-485f-8a7b-06b4bf8207d8",4,2.42,0.84,2
"beefecd6-438a-4b0a-a61a-2f2166e228fc",4,1.81,0.88,1
"beefecd6-438a-4b0a-a61a-2f2166e228fc",4,1.81,0.88,2
"9c3438e7-fd37-4160-bf34-3ac44305fb25",4,1.47,0.88,1
"9c3438e7-fd37-4160-bf34-3ac44305fb25",4,1,0.96,2
"765c3641-d909-4da1-a591-5000c3013e5e",4,1.1,0.88,1
"765c3641-d909-4da1-a591-5000c3013e5e",4,1.1,0.88,2
"aa97e96b-1b49-4a24-a488-fc5511a411af",4,1.18,0.96,1
"aa97e96b-1b49-4a24-a488-fc5511a411af",4,1,0.92,2
"56e3db6e-aba4-4337-9e0f-1f739545d8c4",4,1,0.96,1
"56e3db6e-aba4-4337-9e0f-1f739545d8c4",6,2.6,0.88,2
"6ae71f58-bb7f-4b4c-b8a9-6dabd6ca8ea2",6,1.06,0.96,1
"6ae71f58-bb7f-4b4c-b8a9-6dabd6ca8ea2",6,1.18,0.96,2
"4ef58c70-518b-4bfa-88da-d67f4245730d",4,1.18,0.88,1
"34fc398a-5a37-4a74-91d5-6659616bf510",4,1.05,0.88,1
"4ef58c70-518b-4bfa-88da-d67f4245730d",4,1.39,0.92,2
"34fc398a-5a37-4a74-91d5-6659616bf510",6,2.19,0.88,2
"517b127d-8faf-4688-be77-5a63eba22e88",4,1.1,0.92,1
"517b127d-8faf-4688-be77-5a63eba22e88",6,1,0.96,2
"a5cc3fa9-8743-4fa7-87d9-de9624b0dc79",4,1.39,0.88,1
"a5cc3fa9-8743-4fa7-87d9-de9624b0dc79",4,1.3,0.88,2
"5ab005b8-f5c2-4048-8cdb-225f0613cd5c",6,2.49,0.84,1
"5ab005b8-f5c2-4048-8cdb-225f0613cd5c",4,1,0.96,2
"605d4152-3588-4e94-892c-f2dff0228572",4,2.25,0.84,1
"605d4152-3588-4e94-892c-f2dff0228572",4,1.47,0.84,2
"6d8a0a2d-a22c-4ee9-bb2d-0d5bd77febed",4,2.73,0.84,1
"6d8a0a2d-a22c-4ee9-bb2d-0d5bd77febed",4,1.61,0.84,2
"8d597393-412b-48ae-99c5-ffac9aa44d58",6,3.17,0.8,1
"8d597393-412b-48ae-99c5-ffac9aa44d58",6,2.62,0.88,2
"4f10d60e-9080-40f3-a4c2-c5a57b362d60",6,1.83,0.92,1
"4f10d60e-9080-40f3-a4c2-c5a57b362d60",6,1.83,0.92,2
"39355f6a-1efc-462a-9319-dfeadd12e9d0",4,1,0.96,1
"39355f6a-1efc-462a-9319-dfeadd12e9d0",4,1,1,2
"9a7c233b-e0ab-475a-a700-0a9a7639e0b4",4,1.1,0.88,1
"9a7c233b-e0ab-475a-a700-0a9a7639e0b4",6,2.23,0.88,2
"b15d40c1-8e92-4883-9425-b76e8b3e44d6",4,1.61,0.88,1
"b15d40c1-8e92-4883-9425-b76e8b3e44d6",4,1.5,0.88,2
"5c57eb63-3b0d-493f-ab91-5ace6aa95c28",4,2.66,0.72,1
"5c57eb63-3b0d-493f-ab91-5ace6aa95c28",4,1.33,0.8,2
"85d33d08-cd85-407d-a0f6-0aedb050fe10",4,1.81,0.84,1
"85d33d08-cd85-407d-a0f6-0aedb050fe10",4,1.5,0.88,2
"31681693-1e61-4018-a766-e9e4e5748c06",6,1.06,0.96,1
"31681693-1e61-4018-a766-e9e4e5748c06",6,1.51,0.92,2
"4e52c17b-f3a1-4853-9893-c656d79ef5e5",6,3.49,0.84,1
"4e52c17b-f3a1-4853-9893-c656d79ef5e5",4,1.69,0.72,2
"55b020a5-f4b3-4358-8313-3b59c8977bda",4,1.73,0.84,1
"55b020a5-f4b3-4358-8313-3b59c8977bda",4,1.57,0.88,2
"5df92e56-a672-44d5-8170-7e98ed14a872",4,1.27,0.92,1
"5df92e56-a672-44d5-8170-7e98ed14a872",4,1.39,0.92,2
"435d5a5e-dcc2-4a70-8ef3-57bdfbeaf89b",4,3,0.8,1
"435d5a5e-dcc2-4a70-8ef3-57bdfbeaf89b",4,1.1,0.92,2
"7a342fbe-c1bd-4d61-b820-6097fa5d3b9a",4,1.91,0.88,1
"7a342fbe-c1bd-4d61-b820-6097fa5d3b9a",6,4.33,0.8,2
"2084ccec-f9ea-48f1-be3f-ef279406e2a5",4,2.15,0.88,1
"27787d55-0368-4892-abda-e0bad67d4f58",4,1.27,0.92,1
"5efa1b9c-34fe-435a-bd13-02492ab68454",6,1.83,0.92,1
"2084ccec-f9ea-48f1-be3f-ef279406e2a5",6,2.25,0.92,2
"27787d55-0368-4892-abda-e0bad67d4f58",4,1.18,0.92,2
"5efa1b9c-34fe-435a-bd13-02492ab68454",4,1.18,0.92,2
"69154170-1dbc-40bb-88d4-96dc61aa9105",4,1.73,0.88,1
"69154170-1dbc-40bb-88d4-96dc61aa9105",4,1.73,0.88,2
"4d6b6dfd-f442-48c1-a7ef-405533f70811",6,3.66,0.84,1
"4d6b6dfd-f442-48c1-a7ef-405533f70811",4,1.24,0.92,2
"0ee575a4-7bcb-41d7-b8dd-37b729135b5b",4,1.21,0.88,1
"0ee575a4-7bcb-41d7-b8dd-37b729135b5b",4,1.1,0.92,2
"4b684406-2a5a-49cd-a0f6-d0eb1d71fdfb",4,1.1,0.92,1
"4b684406-2a5a-49cd-a0f6-d0eb1d71fdfb",4,1.58,0.88,2
"26dcc9ee-9a2e-489e-a25f-37defd8636b3",4,3,0.08,1
"26dcc9ee-9a2e-489e-a25f-37defd8636b3",6,1.06,0.92,2
"a87adff6-8d8f-4a57-9e1e-bf4beb833d26",4,1.1,0.88,1
"a87adff6-8d8f-4a57-9e1e-bf4beb833d26",4,1,0.92,2
"45ffa49e-3db6-4ca9-a681-3b9a248a7a59",4,1.3,0.88,1
"45ffa49e-3db6-4ca9-a681-3b9a248a7a59",4,1,0.92,2
"4fbc8e50-5acb-46dd-8079-6fdaa00f4d9d",4,1.33,0.88,1
"4fbc8e50-5acb-46dd-8079-6fdaa00f4d9d",6,1,0.92,2
"c2f990bc-93aa-43ee-b731-f30e062265ab",4,2.59,0.72,1
"c2f990bc-93aa-43ee-b731-f30e062265ab",4,2.59,0.72,2
"80812a10-4f97-43d7-a0f0-cd0a32610757",6,1.71,0.92,1
"80812a10-4f97-43d7-a0f0-cd0a32610757",4,1.1,0.92,2
"982562d1-ba5b-4ae5-b333-ea03d8687e70",4,3,0.64,1
"982562d1-ba5b-4ae5-b333-ea03d8687e70",6,3.62,0.84,2
"5fb1665e-15bb-4e99-9955-ad7e3b5a9b8b",4,1,0.92,1
"5fb1665e-15bb-4e99-9955-ad7e3b5a9b8b",4,1,0.96,2
"bf208e4d-df95-43bc-b62a-7407b8086cf5",4,1.5,0.84,1
"bf208e4d-df95-43bc-b62a-7407b8086cf5",4,1.69,0.88,2
"e83b77d2-1c33-490a-ac67-36c73286dee3",6,1.66,0.92,1
"e83b77d2-1c33-490a-ac67-36c73286dee3",6,1.51,0.92,2
"cb02f152-ec37-4b05-aede-4507341de3b0",4,1.3,0.92,1
"cb02f152-ec37-4b05-aede-4507341de3b0",4,1.07,0.88,2
"ace6b18d-0361-425e-b126-541a04c27f42",4,3,0.52,1
"ace6b18d-0361-425e-b126-541a04c27f42",6,3.72,0.64,2
"a3a204b8-34bf-47a0-ad40-14457c83244f",4,1,0.96,1
"a3a204b8-34bf-47a0-ad40-14457c83244f",4,1,1,2
"f91374ea-7d99-4cec-918d-491f7ece1829",6,4.23,0.84,1
"f91374ea-7d99-4cec-918d-491f7ece1829",6,2.38,0.84,2
"2ef56f84-b4d9-4190-a672-46e2008ffb13",4,3,0.36,1
"2ef56f84-b4d9-4190-a672-46e2008ffb13",6,4.99,0.64,2
"cf8f1b87-1726-47c1-b512-8118a9c59d6f",4,1,0.96,1
"cf8f1b87-1726-47c1-b512-8118a9c59d6f",4,1.1,0.92,2
"11dc1a68-a876-479d-b222-04d6b99d9389",4,1.3,0.96,1
"11dc1a68-a876-479d-b222-04d6b99d9389",4,1.39,0.92,2
"afb9481a-abac-451e-92dd-8ff43e649cf7",4,1.16,0.88,1
"afb9481a-abac-451e-92dd-8ff43e649cf7",4,1.47,0.88,2
"f8ae5780-ba01-4648-9722-7f0c98a44479",4,1,0.96,1
"f8ae5780-ba01-4648-9722-7f0c98a44479",4,1,0.96,2
"82f3b0e4-4a50-4c6b-86e9-9aaf1cf1d2c4",4,2.45,0.8,1
"82f3b0e4-4a50-4c6b-86e9-9aaf1cf1d2c4",4,1.63,0.88,2
"dad0c128-c426-4dd7-90e4-afbca70d6db9",4,1.1,0.92,1
"dad0c128-c426-4dd7-90e4-afbca70d6db9",6,1.53,0.92,2
"3a0747e1-bc5e-44e8-bfe0-2ae5bbfab8ae",6,3.57,0.76,1
"b1174415-6151-4aae-81b0-b14e0295de9c",4,1.03,0.92,1
"52daccfd-da6d-44e9-813c-36c0fc341b4b",4,2.48,0.72,1
"b1174415-6151-4aae-81b0-b14e0295de9c",4,1.1,0.92,2
"52daccfd-da6d-44e9-813c-36c0fc341b4b",6,4.28,0.76,2
"3a0747e1-bc5e-44e8-bfe0-2ae5bbfab8ae",4,1.73,0.84,2
"1bd4e0e3-7b4c-4bb4-b8f3-d461cf39a57c",4,1.86,0.68,1
"1bd4e0e3-7b4c-4bb4-b8f3-d461cf39a57c",4,3,0.52,2
"fa79c25d-3c9d-45e7-9840-a14def6b3ea3",6,2.83,0.84,1
"fa79c25d-3c9d-45e7-9840-a14def6b3ea3",6,4.67,0.56,2
"1644440e-4b91-4e90-8df5-46db6bbe97ca",4,3,0.64,1
"1644440e-4b91-4e90-8df5-46db6bbe97ca",6,4.44,0.76,2
"d1c6b1cf-bef2-43df-85e9-e363d3331e92",4,1,0.92,1
"d1c6b1cf-bef2-43df-85e9-e363d3331e92",4,1.69,0.84,2
"a4188a36-5b0f-4c83-8fae-1804bbe7837a",4,1,1,1
"a4188a36-5b0f-4c83-8fae-1804bbe7837a",6,1,0.92,2
"c472a276-5786-4fbc-a11f-182a6df8b81b",6,2.88,0.84,1
"c472a276-5786-4fbc-a11f-182a6df8b81b",6,2.62,0.88,2
"2d139310-fe58-4ccc-a5a7-71f1781be40a",6,1.83,0.92,1
"2d139310-fe58-4ccc-a5a7-71f1781be40a",6,1.67,0.92,2
"185792da-5ab0-45a8-a563-ba4f6159eb47",4,1.37,0.92,1
"185792da-5ab0-45a8-a563-ba4f6159eb47",4,1,0.96,2
"233748e0-52e6-4460-9b40-e015e43f5442",4,1,1.04,1
"233748e0-52e6-4460-9b40-e015e43f5442",4,1,0.96,2
"69b65137-fd5d-456b-94fb-6c2ab32dcbe9",4,1.73,0.88,1
"69b65137-fd5d-456b-94fb-6c2ab32dcbe9",6,2.27,0.88,2
"bfa997c6-ea4a-4737-ab55-7e9e387fd6bf",4,1,0.92,1
"bfa997c6-ea4a-4737-ab55-7e9e387fd6bf",4,1.1,0.92,2
"ebe5e2c7-5947-4b56-ae2f-0a1a7e8ab438",6,1.3,0.92,1
"ebe5e2c7-5947-4b56-ae2f-0a1a7e8ab438",6,2.04,0.92,2
"e06c0ae4-2422-41d4-b743-be38e3f9d503",4,1.1,0.92,1
"e06c0ae4-2422-41d4-b743-be38e3f9d503",4,1.39,0.92,2
"6f982010-887a-409c-bf0c-8408487a17d0",4,2.42,0.8,1
"6f982010-887a-409c-bf0c-8408487a17d0",4,2.73,0.68,2
"7a6bea58-c478-4f76-acb0-dd1e6ea0ce45",4,1,0.92,1
"7a6bea58-c478-4f76-acb0-dd1e6ea0ce45",4,1.3,0.84,2
"0a7c05e5-ed35-4b73-9044-cac7ae515463",6,3.17,0.84,1
"0a7c05e5-ed35-4b73-9044-cac7ae515463",4,1.58,0.88,2
"107b6229-4c5c-41dc-93c5-969e5fe740b2",6,1.28,0.88,1
"107b6229-4c5c-41dc-93c5-969e5fe740b2",4,1.07,0.92,2
"467d4147-6d35-4b20-bb91-bd4f9df15ec1",6,1.67,0.92,1
"467d4147-6d35-4b20-bb91-bd4f9df15ec1",4,1.53,0.92,2
"efb389fa-1b12-4e13-b17d-1c9c9c91064d",4,2.42,0.8,1
"efb389fa-1b12-4e13-b17d-1c9c9c91064d",4,1.86,0.84,2
"188ae78d-3d53-4b5e-a773-ff47ad7ee7e1",4,1,0.96,1
"188ae78d-3d53-4b5e-a773-ff47ad7ee7e1",4,1.47,0.84,2
"35855160-5038-473e-b2f7-fbf34d52f72c",4,1,0.96,1
"35855160-5038-473e-b2f7-fbf34d52f72c",4,1.3,0.92,2
"d11f9f41-c5fc-4aa2-b44e-d83722076d53",4,1.73,0.88,1
"d11f9f41-c5fc-4aa2-b44e-d83722076d53",4,1.18,0.92,2
"bf940a1f-4975-4613-b68e-083a0a4b1f47",4,1,1,1
"bf940a1f-4975-4613-b68e-083a0a4b1f47",4,1.32,0.88,2
"d960d57c-0883-4ac3-9fd7-8c1e7c297ad0",4,2.03,0.8,1
"d960d57c-0883-4ac3-9fd7-8c1e7c297ad0",4,2.71,0.68,2
"ad6a3622-98e6-4fe4-860e-9a6134526d86",4,1.47,0.88,1
"ad6a3622-98e6-4fe4-860e-9a6134526d86",4,1.81,0.88,2
"285a6bf8-9b10-49ab-8d56-5a62545f0ede",6,3.18,0.8,1
"285a6bf8-9b10-49ab-8d56-5a62545f0ede",6,2.95,0.68,2
"94b25b5c-67bf-46b7-9b41-bcc10d77b493",4,1.1,0.88,1
"94b25b5c-67bf-46b7-9b41-bcc10d77b493",4,1.1,0.92,2
"7ba55d31-d25c-4000-adfd-6646afb3a520",4,2.48,0.84,1
"7ba55d31-d25c-4000-adfd-6646afb3a520",4,2.1,0.84,2
"e3e23af9-a6da-4366-b871-1e0c3c713b5a",4,1,0.88,1
"e3e23af9-a6da-4366-b871-1e0c3c713b5a",6,2.52,0.88,2
"3079bd2d-8c24-48fa-93e6-8999b4054ea5",4,1.18,0.92,1
"3079bd2d-8c24-48fa-93e6-8999b4054ea5",4,1,0.92,2
"7c3b9e43-6061-463e-8e39-f8af6ec6810e",6,3.97,0.52,1
"7c3b9e43-6061-463e-8e39-f8af6ec6810e",4,3,0.72,2
"3c0b76e9-f0df-435a-9f38-657e65172d1d",4,3,0.52,1
"3c0b76e9-f0df-435a-9f38-657e65172d1d",4,3,0.6,2
"7bfb4e6d-2780-4cb8-b626-eb84275785f1",4,1.3,0.92,1
"7bfb4e6d-2780-4cb8-b626-eb84275785f1",6,1,1,2
"080a4934-5c51-4bbb-b163-9be970c51637",6,4.63,0.52,1
"080a4934-5c51-4bbb-b163-9be970c51637",4,3,0.52,2
"c639b536-2671-49c1-b606-a938e4985c54",4,2.05,0.56,1
"c639b536-2671-49c1-b606-a938e4985c54",4,1.53,0.92,2
"26a1b392-ec18-4683-9603-d116cca470f2",6,2.11,0.68,1
"26a1b392-ec18-4683-9603-d116cca470f2",6,1.51,0.88,2
"8cc7a3ee-7e71-472c-8bb7-af04df0be80f",4,1.1,0.92,1
"8cc7a3ee-7e71-472c-8bb7-af04df0be80f",4,1.58,0.88,2
"532b2f59-b7e6-4bec-b062-1afa99028139",4,1.53,0.8,1
"532b2f59-b7e6-4bec-b062-1afa99028139",4,1.99,0.84,2
"e6352803-4d87-4236-a273-bb1d0c053ac6",6,2.02,0.88,1
"e6352803-4d87-4236-a273-bb1d0c053ac6",6,1.67,0.92,2
"a1a8f723-7fc8-47f6-aaa4-994cca178448",4,1.3,0.88,1
"a1a8f723-7fc8-47f6-aaa4-994cca178448",4,1.36,0.88,2
"cd4ca387-3b30-4ecc-9489-916dd27b3907",4,1.39,0.92,1
"cd4ca387-3b30-4ecc-9489-916dd27b3907",4,1,0.96,2
"f7d8e8e2-6740-4274-b1ad-acf739b28f79",4,1.91,0.88,1
"f7d8e8e2-6740-4274-b1ad-acf739b28f79",6,2.85,0.84,2
"468ae3d8-72e5-4b0d-9722-ebee91f9406e",4,1.18,0.92,1
"468ae3d8-72e5-4b0d-9722-ebee91f9406e",4,1,0.92,2
"5b12cf98-040d-45d7-ab6b-eb5f4c2c2a90",4,1,0.96,1
"5b12cf98-040d-45d7-ab6b-eb5f4c2c2a90",4,1.27,0.88,2
"7fce5378-08fb-48da-b67b-295ec309307f",4,1,0.92,1
"7fce5378-08fb-48da-b67b-295ec309307f",4,1.77,0.88,2
"4d97470d-fabc-44dd-ab70-47c65c6f2fad",6,3.49,0.84,1
"4d97470d-fabc-44dd-ab70-47c65c6f2fad",6,3.75,0.84,2
"88e93131-35f6-4d52-8aee-62cd7c60c3f0",6,2.88,0.88,1
"88e93131-35f6-4d52-8aee-62cd7c60c3f0",6,1.83,0.92,2
"f0128ada-23bf-4bb0-a21c-208e0eba9336",6,2.95,0.88,1
"f0128ada-23bf-4bb0-a21c-208e0eba9336",6,1.83,0.88,2
"38f70b5b-8533-45bc-9c41-8bc20950709e",6,1.44,0.92,1
"38f70b5b-8533-45bc-9c41-8bc20950709e",4,1.78,0.84,2
"cdca3581-0e07-4572-8ee8-3983f5143fbb",6,4.73,0.52,1
"cdca3581-0e07-4572-8ee8-3983f5143fbb",6,4.73,0.52,2
"034701fb-6396-495f-8a76-59abde8165d9",6,4.99,0.48,1
"e6172836-89fb-4bb8-be34-dcb58be0d9b0",4,1.33,0.88,1
"034701fb-6396-495f-8a76-59abde8165d9",4,2.48,0.52,2
"e6172836-89fb-4bb8-be34-dcb58be0d9b0",4,1.95,0.84,2
"b5723acd-bafc-40e4-81b6-2b4268ce96ae",6,1.71,0.92,1
"b5723acd-bafc-40e4-81b6-2b4268ce96ae",6,1.18,0.96,2
"dc1c8c95-8c58-4962-9f5d-52a44bb9e891",4,1.39,0.88,1
"dc1c8c95-8c58-4962-9f5d-52a44bb9e891",4,1.73,0.84,2
"882270ee-2808-4362-8c2e-54467595950c",4,1.69,0.88,1
"882270ee-2808-4362-8c2e-54467595950c",6,3.41,0.8,2
"504000f6-838e-4830-9a3c-93eccf9560bd",4,1.73,0.84,1
"504000f6-838e-4830-9a3c-93eccf9560bd",4,1.58,0.88,2
"5c0cf4e8-32c3-47f3-8830-0d910db0be9e",4,1,0.92,1
"5c0cf4e8-32c3-47f3-8830-0d910db0be9e",6,2.38,0.88,2
"14dc808b-e947-4841-90d6-802716d4e70d",4,1.58,0.88,1
"14dc808b-e947-4841-90d6-802716d4e70d",4,1.1,0.88,2
"93b02ffd-bcec-4c74-a1f6-e6bbb1ac8a7e",4,1.73,0.84,1
"93b02ffd-bcec-4c74-a1f6-e6bbb1ac8a7e",4,1.3,0.92,2
"4c70a6de-6673-4217-b3fc-dac3eb8189aa",4,1.53,0.92,1
"4c70a6de-6673-4217-b3fc-dac3eb8189aa",4,1.39,0.88,2
"f2585e0f-ed64-4786-8efd-1a8fa560937b",6,2.44,0.84,1
"aa3c7ffe-ef5c-490a-9ee2-16ca2802c18b",4,2.56,0.44,1
"f2585e0f-ed64-4786-8efd-1a8fa560937b",6,2.5,0.84,2
"aa3c7ffe-ef5c-490a-9ee2-16ca2802c18b",4,2.56,0.44,2
"17e6c070-b9f4-4bc7-9309-b31ea2eac450",4,1,1,1
"17e6c070-b9f4-4bc7-9309-b31ea2eac450",4,1.27,0.92,2
"407ed52b-e1ee-4871-8bf9-a18193496fb5",4,1.1,0.92,1
"407ed52b-e1ee-4871-8bf9-a18193496fb5",4,1.1,0.92,2
"186985ce-dc5c-4e87-9ce3-725708b086b6",4,1.3,0.92,1
"186985ce-dc5c-4e87-9ce3-725708b086b6",4,1.3,0.92,2
"fd9b884f-082d-40df-a434-6cd0b2d2de94",6,1.51,0.92,1
"fd9b884f-082d-40df-a434-6cd0b2d2de94",6,1.3,0.96,2
"c962b172-602e-41b8-b01a-0a6cf579e570",4,1.64,0.8,1
"c962b172-602e-41b8-b01a-0a6cf579e570",4,1.64,0.8,2
"76ff6860-6355-49ae-bcc0-04c3b8988f71",6,4.99,0.48,1
"76ff6860-6355-49ae-bcc0-04c3b8988f71",6,4.99,0.44,2
"53fec224-1b2f-4dbc-b073-cb3b200a465b",6,2.12,0.88,1
"53fec224-1b2f-4dbc-b073-cb3b200a465b",4,1.13,0.84,2
"6e725246-725b-4994-9ee7-3ef33c22ae6d",4,2.25,0.84,1
"6e725246-725b-4994-9ee7-3ef33c22ae6d",4,1.1,0.92,2
"61cccb04-a7f9-4bb3-8a92-e5b75142b397",4,1.69,0.88,1
"61cccb04-a7f9-4bb3-8a92-e5b75142b397",4,1.39,0.92,2
"88cc1e38-7674-49c7-9e9c-dca305755037",6,2.29,0.76,1
"88cc1e38-7674-49c7-9e9c-dca305755037",4,1.1,0.92,2
"671c15fc-7130-45a6-b92d-fbcbef8c3e9b",6,1.36,0.92,1
"671c15fc-7130-45a6-b92d-fbcbef8c3e9b",6,1.64,0.92,2
"faa08c06-ee4d-4858-876b-81b9c66661e8",4,1.65,0.88,1
"faa08c06-ee4d-4858-876b-81b9c66661e8",4,1.34,0.84,2
"cdded16b-6ee9-43b6-9c6a-16dec684cd6f",4,1.3,0.92,1
"cdded16b-6ee9-43b6-9c6a-16dec684cd6f",4,1.27,0.92,2
"c556c710-2aca-4877-ae9a-63a49c3c45b8",4,1.33,0.88,1
"c556c710-2aca-4877-ae9a-63a49c3c45b8",4,1.9,0.84,2
"401f1c81-afc1-493b-a78c-4cd1f337db18",4,1.3,0.88,1
"401f1c81-afc1-493b-a78c-4cd1f337db18",6,2.17,0.88,2
"08ffae56-d618-483f-8f16-dead02d80f07",4,1.58,0.88,1
"08ffae56-d618-483f-8f16-dead02d80f07",6,2.56,0.88,2
"e47de91a-9669-454f-ac60-6022cc9b6f7e",4,1,1,1
"e47de91a-9669-454f-ac60-6022cc9b6f7e",4,1,1,2
"1fc1fbdf-ed81-42e1-b511-b3e9e24d27a9",4,1.3,0.92,1
"1fc1fbdf-ed81-42e1-b511-b3e9e24d27a9",4,1,0.92,2
"39308528-27d5-4fe2-9d1f-7b81a6c5f89d",4,1.73,0.84,1
"39308528-27d5-4fe2-9d1f-7b81a6c5f89d",6,2.28,0.84,2
"d751affe-7bec-4dd7-8cd4-33838e5292f8",4,2.06,0.8,1
"d751affe-7bec-4dd7-8cd4-33838e5292f8",4,1.58,0.88,2
"9b9cc2e7-f2fc-4c50-868e-8005c1968112",4,1,0.92,1
"9b9cc2e7-f2fc-4c50-868e-8005c1968112",6,1.69,0.92,2
"7a1343e7-6fda-4da9-9fe6-9c15e87a4c39",6,4.13,0.84,1
"7a1343e7-6fda-4da9-9fe6-9c15e87a4c39",4,1,0.88,2
"ed02ed5d-aca1-47a0-a88d-1d33b5704bc9",4,2.54,0.8,1
"ed02ed5d-aca1-47a0-a88d-1d33b5704bc9",6,2.8,0.88,2
"469705c4-34f4-4d5e-9c88-4c3bb3eceec3",4,1.1,0.92,1
"469705c4-34f4-4d5e-9c88-4c3bb3eceec3",4,2.1,0.84,2
"b68876c4-ad0b-49ff-8e48-12e814e30b4f",4,2.15,0.84,1
"b68876c4-ad0b-49ff-8e48-12e814e30b4f",6,2.62,0.88,2
"731db260-e832-4827-9822-bf96faade9af",6,1.86,0.92,1
"731db260-e832-4827-9822-bf96faade9af",4,1.1,0.92,2
"005db471-8ddd-4358-b359-1863869a01eb",4,1.15,0.92,1
"005db471-8ddd-4358-b359-1863869a01eb",4,1.73,0.88,2
"714afdee-e6f5-4c51-a875-437d612469eb",4,1.37,0.88,1
"714afdee-e6f5-4c51-a875-437d612469eb",6,2.45,0.84,2
"2af17d6c-f287-4e7b-b8e2-e351bd0f50a2",4,3,0.8,1
"2af17d6c-f287-4e7b-b8e2-e351bd0f50a2",4,1.69,0.84,2
"7df0820d-c05a-4bf6-83e7-9ba7717230c0",4,1,0.92,1
"7df0820d-c05a-4bf6-83e7-9ba7717230c0",4,1.18,0.92,2
"6eb993af-0970-4704-b50f-6336bc5bf8f1",4,1.36,0.88,1
"6eb993af-0970-4704-b50f-6336bc5bf8f1",6,1.59,0.92,2
"4840497c-6b83-4cdb-947e-cb1b4d458926",4,3,0.8,1
"4840497c-6b83-4cdb-947e-cb1b4d458926",4,2.73,0.8,2
"fa98f929-a3fd-4e66-bcb6-5ac9b591785a",4,1,0.92,1
"fa98f929-a3fd-4e66-bcb6-5ac9b591785a",6,2.62,0.88,2
"938b38fd-7a1c-4f4a-83b7-eb6d79acb5c8",4,1.03,0.92,1
"938b38fd-7a1c-4f4a-83b7-eb6d79acb5c8",4,1.3,0.92,2
"59aaaa2c-95ef-476d-8ba0-c43910e51f0c",4,1.65,0.8,1
"59aaaa2c-95ef-476d-8ba0-c43910e51f0c",4,1.69,0.88,2
"1d3d007c-bcd7-44ea-90c1-4e3fccf4ab65",4,1.44,0.88,1
"1d3d007c-bcd7-44ea-90c1-4e3fccf4ab65",4,1.18,0.88,2
"c6ca2172-50b2-4142-ad13-8424b223801c",4,3,0.68,1
"c6ca2172-50b2-4142-ad13-8424b223801c",4,3,0.44,2
"27f2a33f-8b75-453c-8fdb-6114b12541ff",4,1.15,0.96,1
"27f2a33f-8b75-453c-8fdb-6114b12541ff",4,1.95,0.88,2
"14e076d7-3518-41e3-8e1f-68f3e1211edf",4,1.92,0.68,1
"14e076d7-3518-41e3-8e1f-68f3e1211edf",4,1,0.84,2
"0d8ebb91-1b54-41ee-8972-c917959d48a6",6,2,0.88,1
"0d8ebb91-1b54-41ee-8972-c917959d48a6",6,1.69,0.92,2
"11cfb1ef-fa38-4204-aa7b-caa6b2ef9460",6,4.65,0.72,1
"11cfb1ef-fa38-4204-aa7b-caa6b2ef9460",6,4.99,0.8,2
"d2f3dd49-ffba-49e0-b802-7252c08990ba",4,1,0.96,1
"d2f3dd49-ffba-49e0-b802-7252c08990ba",4,1.73,0.88,2
"76f281e9-5a6a-4c83-ad62-4be9789a2052",4,1.53,0.88,1
"76f281e9-5a6a-4c83-ad62-4be9789a2052",4,1,0.88,2
"a67c5a92-d8d8-407c-99b4-9722d165fd14",4,2.4,0.76,1
"a67c5a92-d8d8-407c-99b4-9722d165fd14",4,2.65,0.76,2
"b02a13e4-c8eb-4302-9056-b0274a0670ce",4,1.3,0.88,1
"b02a13e4-c8eb-4302-9056-b0274a0670ce",4,1.3,0.88,2
"0b72e750-0a1c-43ad-af64-863cc5b2d2ec",4,1.3,0.92,1
"0b72e750-0a1c-43ad-af64-863cc5b2d2ec",4,1,1,2
"b3f87911-287c-4eb4-af59-b3a0f0150644",4,1.58,0.88,1
"b3f87911-287c-4eb4-af59-b3a0f0150644",4,1,0.88,2
"92d0e6df-a0a4-4756-bceb-60b290641425",4,1.65,0.8,1
"92d0e6df-a0a4-4756-bceb-60b290641425",4,1.73,0.88,2
"3430b5fb-a5a5-405a-bcde-4840b07190c4",4,1.73,0.88,1
"3430b5fb-a5a5-405a-bcde-4840b07190c4",4,1.05,0.92,2
"d2ae1def-8bd4-4a54-ac74-3045e6eee88a",4,1.91,0.88,1
"d2ae1def-8bd4-4a54-ac74-3045e6eee88a",4,1.58,0.88,2
"973fce64-564c-4fa8-bc0b-ab98a40fcc85",4,1.81,0.88,1
"973fce64-564c-4fa8-bc0b-ab98a40fcc85",6,1.62,0.92,2
"51ca7640-6541-4b3a-a893-1bc752149c72",6,4.31,0.8,1
"51ca7640-6541-4b3a-a893-1bc752149c72",4,1.73,0.88,2
"5223ae15-c23b-4ff4-9014-2828531b6b0c",6,1.83,0.92,1
"5223ae15-c23b-4ff4-9014-2828531b6b0c",6,1.67,0.92,2
"36da532e-953f-465b-a216-ab6ba5055c75",4,1.65,0.88,1
"36da532e-953f-465b-a216-ab6ba5055c75",4,1.3,0.96,2
"06607854-ae72-48d0-b1f5-0ac1202a1db3",6,1.3,0.88,1
"06607854-ae72-48d0-b1f5-0ac1202a1db3",6,1.83,0.92,2
"6c520795-f5a8-4bb4-8768-93257dbfde1d",6,1.69,0.92,1
"6c520795-f5a8-4bb4-8768-93257dbfde1d",6,1.47,0.92,2
"a744e5ba-db41-4931-9a92-c07fc0e81126",6,2.62,0.88,1
"a744e5ba-db41-4931-9a92-c07fc0e81126",6,1.83,0.92,2
"08705391-c843-4693-96f4-401402dbb4be",4,1.18,0.92,1
"08705391-c843-4693-96f4-401402dbb4be",4,1.91,0.88,2
"9f5ee85c-4f2c-40c9-8ee2-5384e2bd8bd7",4,1.58,0.88,1
"9f5ee85c-4f2c-40c9-8ee2-5384e2bd8bd7",4,1,0.96,2
"31062d4e-1757-493a-8a9f-2996c5159a34",6,1.83,0.92,1
"31062d4e-1757-493a-8a9f-2996c5159a34",6,1.51,0.92,2
"13d9eb46-e2b5-4bba-99d1-545d716c949f",6,1.67,0.92,1
"13d9eb46-e2b5-4bba-99d1-545d716c949f",6,1.67,0.92,2
"3fa401bc-c3c5-4146-901c-51a1e8486326",4,1.1,0.92,1
"3fa401bc-c3c5-4146-901c-51a1e8486326",4,1.18,0.88,2
"bae51c07-657e-4d62-b493-647de6aa04f2",4,1.3,0.96,1
"bae51c07-657e-4d62-b493-647de6aa04f2",4,1,1.04,2
"2328e1d3-93a9-44ab-ba2b-c9d953c25532",6,2.68,0.88,1
"2328e1d3-93a9-44ab-ba2b-c9d953c25532",6,2.17,0.88,2
"8dbf6bf3-5cd0-4b90-857c-0fbac67eb6c9",4,3,0.64,1
"8dbf6bf3-5cd0-4b90-857c-0fbac67eb6c9",6,4.99,0.8,2
"b39bff7c-d164-4cea-a514-9a5dfa1e7fd2",6,2.38,0.88,1
"b39bff7c-d164-4cea-a514-9a5dfa1e7fd2",4,1.58,0.88,2
"0face946-ac26-4480-9a54-b082b6c228f2",4,1.3,0.92,1
"0face946-ac26-4480-9a54-b082b6c228f2",4,1.3,0.92,2
"96d8aac2-fb14-483e-a032-ec25bd1b666d",4,1.37,0.92,1
"96d8aac2-fb14-483e-a032-ec25bd1b666d",4,1.03,0.8,2
"037e7733-261b-4dd1-bd25-f3ba06021296",4,1.58,0.88,1
"037e7733-261b-4dd1-bd25-f3ba06021296",4,1.1,0.88,2
"0f085aa6-2b74-4caf-8b70-fc785a63d9f6",4,1,0.96,1
"0f085aa6-2b74-4caf-8b70-fc785a63d9f6",4,1,0.96,2
"44ee3eee-2d49-4586-adf0-f636662de857",4,1.58,0.88,1
"44ee3eee-2d49-4586-adf0-f636662de857",4,1.1,0.92,2
"b935739b-317e-4063-bdc7-26ac010ac679",4,1.5,0.84,1
"b935739b-317e-4063-bdc7-26ac010ac679",4,1.1,0.92,2
"90fa4e47-03f5-473d-a86f-5fa6b6175cc1",4,3,0.44,1
"90fa4e47-03f5-473d-a86f-5fa6b6175cc1",4,2.05,0.84,2
"bb1ae7c2-cd78-4959-b0ed-3027d9074630",6,3.16,0.72,1
"bb1ae7c2-cd78-4959-b0ed-3027d9074630",6,2.61,0.84,2
"8806f685-635e-4bca-8573-227eb51bb894",4,1.27,0.92,1
"8806f685-635e-4bca-8573-227eb51bb894",4,1,0.96,2
"6c9d9de7-7ab1-48bf-98fa-c7a38a257021",4,1,1,1
"6c9d9de7-7ab1-48bf-98fa-c7a38a257021",4,1,0.96,2
"f220bad9-bc3a-4065-b01c-e85a0921ed8e",4,1.1,0.92,1
"f220bad9-bc3a-4065-b01c-e85a0921ed8e",4,1.53,0.92,2
"aad86adb-9a54-49e3-b47a-13b2ad8e7029",4,1.43,0.88,1
"aad86adb-9a54-49e3-b47a-13b2ad8e7029",4,1.81,0.88,2
"47bffd5e-ae45-486b-ad13-2a442918908e",4,1.3,0.92,1
"47bffd5e-ae45-486b-ad13-2a442918908e",4,1.3,0.92,2
"d155ccbd-819a-4ce6-a06e-9cfa3d942b3f",4,1.15,0.92,1
"d155ccbd-819a-4ce6-a06e-9cfa3d942b3f",4,1.15,0.92,2
"a535155a-ce3e-4086-be40-3b66284ab25f",4,1.3,0.96,1
"a535155a-ce3e-4086-be40-3b66284ab25f",6,1.18,0.96,2
"58e5da6d-f92f-4ce4-8e1c-ddb838b61b42",4,1.91,0.88,1
"58e5da6d-f92f-4ce4-8e1c-ddb838b61b42",4,3,0.72,2
"de5f6834-6534-4ae6-b08f-26273f03f86e",4,1.3,0.92,1
"de5f6834-6534-4ae6-b08f-26273f03f86e",4,1.5,0.88,2
"3a1efe71-173c-4410-83f9-e4e9778dfa1a",4,3,0.6,1
"3a1efe71-173c-4410-83f9-e4e9778dfa1a",4,3,0.48,2
"05ef0505-fbaf-495e-a248-47070cd2c7f7",4,2.93,0.8,1
"05ef0505-fbaf-495e-a248-47070cd2c7f7",4,1.1,0.88,2
"8fd24970-9ea2-4075-8703-d55b4f07bbf6",4,1.3,0.88,1
"8fd24970-9ea2-4075-8703-d55b4f07bbf6",4,1,0.96,2
"1f150e5b-a606-45fe-8d9a-f94d3750e58c",4,1.68,0.84,1
"1f150e5b-a606-45fe-8d9a-f94d3750e58c",4,1.49,0.84,2
"00f97103-6435-4a63-84a7-74bbf3f983ae",4,1,0.96,1
"00f97103-6435-4a63-84a7-74bbf3f983ae",4,1.1,0.92,2
"5ad9e690-2c64-4074-b4c1-a01aae534a41",4,1.1,0.88,1
"5ad9e690-2c64-4074-b4c1-a01aae534a41",6,1.83,0.92,2
"d4312c66-36a4-40f4-8e58-28eccd926bd3",4,1.3,0.96,1
"d4312c66-36a4-40f4-8e58-28eccd926bd3",6,1.69,0.92,2
"b5d91835-dc29-4c88-ab88-52de4699aa84",6,1.51,0.92,1
"b5d91835-dc29-4c88-ab88-52de4699aa84",4,1.3,0.92,2
"ac66274d-1702-4d8a-b271-bc72821c4aa1",4,2.36,0.84,1
"ac66274d-1702-4d8a-b271-bc72821c4aa1",4,1,0.96,2
"48389108-5c68-49d7-8d5a-ac89f2566b03",4,1,1,1
"48389108-5c68-49d7-8d5a-ac89f2566b03",4,1.3,0.92,2
"42308f03-59a3-42a9-af6a-23a8bb604e46",4,1.3,0.92,1
"42308f03-59a3-42a9-af6a-23a8bb604e46",4,1,0.92,2
"5e1f4080-1dd4-4591-b04c-bc3391073b07",4,1.1,0.92,1
"5e1f4080-1dd4-4591-b04c-bc3391073b07",4,2.59,0.84,2
"5e042e4d-e08e-486c-8074-9a490bd8330e",4,1.5,0.88,1
"5e042e4d-e08e-486c-8074-9a490bd8330e",4,1.3,0.92,2
"4207c88e-5d15-4a6a-b10f-f9c892e5fbf0",4,1.91,0.8,1
"4207c88e-5d15-4a6a-b10f-f9c892e5fbf0",4,1,0.92,2
"2291d56b-2586-4fb3-84b1-c8b372210421",4,1.18,0.92,1
"2291d56b-2586-4fb3-84b1-c8b372210421",4,1.73,0.88,2
"dc194a57-22a9-4d68-8958-972cb58349d7",6,3.21,0.8,1
"dc194a57-22a9-4d68-8958-972cb58349d7",4,1.27,0.92,2
"cd662270-9bfd-459b-835b-7418f6ea5fc0",4,1.3,0.92,1
"cd662270-9bfd-459b-835b-7418f6ea5fc0",4,1.39,0.88,2
"67405409-043d-4979-813c-adb231cb17b9",6,1.91,0.88,1
"67405409-043d-4979-813c-adb231cb17b9",4,1.33,0.84,2
"39bc2485-06ed-444f-a333-5eacabdc98a7",4,1.91,0.88,1
"39bc2485-06ed-444f-a333-5eacabdc98a7",4,2.48,0.84,2
"54b4c015-87cb-4b17-8d6c-49c8ec940a4a",6,3.92,0.8,1
"54b4c015-87cb-4b17-8d6c-49c8ec940a4a",6,2.37,0.8,2
"52b4d689-e728-4ecd-a06e-5c246c1a3a98",6,1.36,0.88,1
"52b4d689-e728-4ecd-a06e-5c246c1a3a98",6,3.36,0.8,2
"290a3aee-272e-4462-8479-9e90cde2ce87",6,1.07,0.96,1
"290a3aee-272e-4462-8479-9e90cde2ce87",4,1,0.88,2
"aa82cf49-6a77-42a6-b724-f6f64e771488",4,2.05,0.72,1
"aa82cf49-6a77-42a6-b724-f6f64e771488",6,4.99,0.6,2
"e523163b-64bf-436b-ad14-f77e7c880f64",4,1.74,0.8,1
"e523163b-64bf-436b-ad14-f77e7c880f64",4,1.13,0.8,2
"6ae850e3-a13e-42e4-a9cf-7cf6503f6d42",4,1.1,0.92,1
"6ae850e3-a13e-42e4-a9cf-7cf6503f6d42",4,1.65,0.88,2
"26780d58-7a40-4f44-b0bc-08426e061e3d",6,3.38,0.84,1
"26780d58-7a40-4f44-b0bc-08426e061e3d",4,1.58,0.84,2
"7fbbe2fd-1a63-488b-a0af-82051bf19210",6,1.06,0.92,1
"7fbbe2fd-1a63-488b-a0af-82051bf19210",4,1,0.96,2
"34ab9dd3-558a-4d61-9b62-b19c0655bb35",4,1.1,0.92,1
"34ab9dd3-558a-4d61-9b62-b19c0655bb35",4,1.39,0.88,2
"7d084df0-de2e-4409-b6f2-990e7ddaabd7",4,1.1,0.92,1
"7d084df0-de2e-4409-b6f2-990e7ddaabd7",4,1.3,0.88,2
"d7b26ec0-a7e3-4914-8098-3425c25d8b23",4,1.18,0.92,1
"d7b26ec0-a7e3-4914-8098-3425c25d8b23",4,1.69,0.88,2
"7c5a40fd-65da-4455-abdd-6237dd5e3063",4,1.73,0.84,1
"7c5a40fd-65da-4455-abdd-6237dd5e3063",4,1.58,0.88,2
"f1f7038c-02d9-462a-9f57-9dc553be5014",6,3.93,0.8,1
"f1f7038c-02d9-462a-9f57-9dc553be5014",6,2.32,0.84,2
"fd640104-488d-4573-bfba-6d04dc95ff03",4,1.69,0.92,1
"fd640104-488d-4573-bfba-6d04dc95ff03",4,2.73,0.84,2
"6e084aa4-5182-4a78-8a41-2a9f08c5b01d",4,1.1,0.88,1
"6e084aa4-5182-4a78-8a41-2a9f08c5b01d",6,1.77,0.92,2
"340b0a18-c093-4466-9008-8544fca3a1c5",4,3,0.4,1
"340b0a18-c093-4466-9008-8544fca3a1c5",6,4.99,0.52,2
"22466610-caa5-4776-ae2e-523a985000d2",4,1.56,0.88,1
"22466610-caa5-4776-ae2e-523a985000d2",4,1.18,0.88,2
"eb3503ab-c1e5-4c11-bbc9-03740849eae4",6,1.51,0.92,1
"eb3503ab-c1e5-4c11-bbc9-03740849eae4",4,1.73,0.88,2
"7e2157f7-f0ca-461a-ae62-d021cac35836",6,1.51,0.92,1
"7e2157f7-f0ca-461a-ae62-d021cac35836",4,1.3,0.92,2
"5d3744c4-406e-4cb7-ae89-5a42362b4f02",4,2.05,0.84,1
"5d3744c4-406e-4cb7-ae89-5a42362b4f02",6,3.66,0.76,2
"9421902e-24c2-4be5-ba78-36f69de35236",4,1.1,0.88,1
"9421902e-24c2-4be5-ba78-36f69de35236",4,1.58,0.88,2
"c2766bb7-4db7-4d4a-bd61-fabb3be2a0a7",4,1.18,0.88,1
"c2766bb7-4db7-4d4a-bd61-fabb3be2a0a7",4,1.69,0.88,2
"42e8fea0-7957-44c5-aec2-307ec9309d24",4,1.3,0.92,2
"d403ebd1-d746-4b63-8ac6-439e881fbdee",4,3,0.6,1
"d403ebd1-d746-4b63-8ac6-439e881fbdee",4,3,0.8,2
"29cc03b0-300b-4d3b-b4b8-644fd012798f",4,1.78,0.84,1
"29cc03b0-300b-4d3b-b4b8-644fd012798f",4,1.3,0.92,2
"c5990c07-d92e-4706-abb0-cfca449541d2",4,1.78,0.88,1
"c5990c07-d92e-4706-abb0-cfca449541d2",4,1,0.88,2
"9364f029-a9ea-48ec-9729-2218a8ff154f",4,1.75,0.84,1
"9364f029-a9ea-48ec-9729-2218a8ff154f",4,1,0.92,2
"f9f03f96-8569-4603-94c2-b6d9281a9064",6,4.99,0.6,1
"f9f03f96-8569-4603-94c2-b6d9281a9064",6,4.99,0.36,2
"6dc5d273-5e39-474e-9517-29e0f80af64b",6,3.57,0.84,1
"6dc5d273-5e39-474e-9517-29e0f80af64b",6,2.88,0.8,2
"ea0947c9-0711-4763-b199-1747dfbf809e",6,4.54,0.68,1
"ea0947c9-0711-4763-b199-1747dfbf809e",4,1.81,0.88,2
"7fdc8a08-a1bf-4ce5-b4ad-26fc87ba7329",6,2.56,0.8,1
"7fdc8a08-a1bf-4ce5-b4ad-26fc87ba7329",4,3,0.8,2
"5af1a0ae-9e3d-4a40-b96a-2bc1dcccadd7",6,1,1,1
"5af1a0ae-9e3d-4a40-b96a-2bc1dcccadd7",6,1.51,0.92,2
"7be06ece-d1cd-4061-a57c-fb9b5ceeaaa8",4,1.55,0.84,1
"7be06ece-d1cd-4061-a57c-fb9b5ceeaaa8",4,1.27,0.88,2
"6abe586f-f879-41a1-beec-403f9ac63bea",4,1.69,0.92,1
"6abe586f-f879-41a1-beec-403f9ac63bea",4,1.39,0.92,2
"f2984684-cd3a-4567-a881-5f236a833a05",4,1.03,0.92,1
"f2984684-cd3a-4567-a881-5f236a833a05",4,1.18,0.92,2
"d8701ca5-432b-4fd8-bcb5-237d3540eea7",6,2.02,0.88,1
"d8701ca5-432b-4fd8-bcb5-237d3540eea7",6,1.06,0.96,2
"ba48b616-e27c-4ad7-a93e-159f695d1b54",4,1.1,0.88,1
"ba48b616-e27c-4ad7-a93e-159f695d1b54",4,1.3,0.88,2
"a17c9d94-eafa-4540-9328-ccc2dccda63a",4,1.18,0.92,1
"a17c9d94-eafa-4540-9328-ccc2dccda63a",4,1.18,0.96,2
"9b6bcfd9-470c-4616-849c-45480e27305c",4,1.58,0.88,1
"9b6bcfd9-470c-4616-849c-45480e27305c",4,1.33,0.88,2
"caa51c1d-e359-4b6a-b637-1e2ef83d4986",4,1.82,0.88,1
"caa51c1d-e359-4b6a-b637-1e2ef83d4986",4,1.1,0.92,2
"28e466ca-6e08-44ee-baef-e9df19c1a0d5",4,1.15,0.92,1
"28e466ca-6e08-44ee-baef-e9df19c1a0d5",4,1.69,0.88,2
"10099bc7-6db4-445e-98d7-df978bdd138d",6,4.76,0.76,1
"10099bc7-6db4-445e-98d7-df978bdd138d",6,2.95,0.88,2
"9b946086-b5cb-45a4-8178-452bfd8098a7",6,3.41,0.84,1
"9b946086-b5cb-45a4-8178-452bfd8098a7",4,1.1,0.92,2
"0696985b-a2dc-48ed-8600-0ce50799317c",4,1.69,0.88,1
"0696985b-a2dc-48ed-8600-0ce50799317c",4,1.3,0.88,2
"aef0d23d-f31b-4495-9d7a-918ebf10b7e8",4,1.33,0.88,1
"aef0d23d-f31b-4495-9d7a-918ebf10b7e8",6,1.71,0.92,2
"57667587-dac3-4566-a084-da54330fbf23",4,1.1,0.92,1
"57667587-dac3-4566-a084-da54330fbf23",4,1,0.92,2
"bd050ac2-4fad-4474-99da-c44fc40d29a6",6,2.19,0.88,1
"bd050ac2-4fad-4474-99da-c44fc40d29a6",4,1.73,0.88,2
"c884b1b6-638b-4561-a74f-41762aea3b46",4,1.91,0.88,1
"c884b1b6-638b-4561-a74f-41762aea3b46",4,1.1,0.92,2
"a780c5e8-0bb9-42d6-b950-e7d8398859b0",6,3.27,0.68,1
"a780c5e8-0bb9-42d6-b950-e7d8398859b0",6,2.23,0.84,2
"6c9af8fb-d684-447c-a6fc-947033b97cf1",4,1.91,0.88,1
"6c9af8fb-d684-447c-a6fc-947033b97cf1",4,1.33,0.88,2
"b5b950b9-9ca5-4658-a8a8-2e94c82cb364",4,1.1,0.92,1
"b5b950b9-9ca5-4658-a8a8-2e94c82cb364",4,1.4,0.88,2
"8c43aafa-9888-4ba2-a790-6f433db88631",4,1.3,0.88,1
"8c43aafa-9888-4ba2-a790-6f433db88631",4,1.3,0.92,2
"e3d131ae-76ea-43f8-9a57-2c5d1524d4de",6,4.99,0.4,1
"e3d131ae-76ea-43f8-9a57-2c5d1524d4de",6,4.99,0.44,2
"737090e3-c40e-4249-ae67-21a5a0f36d7f",6,4.99,0.44,1
"737090e3-c40e-4249-ae67-21a5a0f36d7f",4,2.73,0.84,2
"d43fbd21-3fff-41c1-b3da-dbe377b9b090",4,1.79,0.84,1
"d43fbd21-3fff-41c1-b3da-dbe377b9b090",4,2.81,0.72,2
"f5704922-af4d-4f18-a011-02c2d6cdacc0",4,1,0.88,1
"f5704922-af4d-4f18-a011-02c2d6cdacc0",4,1,0.96,2
"9c37055d-8cf8-4188-93e3-b2af48dc418d",4,1.58,0.88,1
"9c37055d-8cf8-4188-93e3-b2af48dc418d",4,1.1,0.92,2
"d196553e-3565-41da-94b9-9b693b87adc6",6,4.46,0.76,1
"d196553e-3565-41da-94b9-9b693b87adc6",4,1.39,0.88,2
"46fbb1b2-8c2c-4174-b20b-5e7ba37bdd8b",4,1.3,0.92,1
"46fbb1b2-8c2c-4174-b20b-5e7ba37bdd8b",4,1.39,0.92,2
"c8b4dc64-a0de-4403-a225-4607206b03f9",4,1.3,0.92,1
"c8b4dc64-a0de-4403-a225-4607206b03f9",6,2.77,0.88,2
"4e3209c9-325a-4515-a17c-15a2331314ca",4,1.1,0.92,1
"4e3209c9-325a-4515-a17c-15a2331314ca",4,1.1,0.88,2
"b9f647ab-8db9-438a-8782-6f121072e059",4,1.1,0.88,1
"b9f647ab-8db9-438a-8782-6f121072e059",4,1.69,0.92,2
"4cd2301a-1089-49d1-a631-35c597206dcf",6,1.99,0.84,1
"4cd2301a-1089-49d1-a631-35c597206dcf",6,2.98,0.88,2
"da4a0951-e83f-4930-a9e6-2237cfeeca83",4,1.58,0.88,1
"da4a0951-e83f-4930-a9e6-2237cfeeca83",4,1.58,0.88,2
"37be1b88-4cec-4619-a099-b25848f707a0",4,1,1,1
"37be1b88-4cec-4619-a099-b25848f707a0",6,1.3,0.96,2
"e3d1cc4f-37f7-4284-9b17-aaae6cd5469c",4,1.18,0.88,1
"e3d1cc4f-37f7-4284-9b17-aaae6cd5469c",4,1.3,0.92,2
"e4048561-1f6e-4430-b6a0-78ac1b5e6950",4,1.1,0.92,1
"e4048561-1f6e-4430-b6a0-78ac1b5e6950",6,1.83,0.88,2
"4b6b6601-acb3-4a45-a62b-5ccb2a11f73e",6,4.99,0.68,1
"4b6b6601-acb3-4a45-a62b-5ccb2a11f73e",4,3,0.48,2
"3f609091-4449-4d7c-bf14-1787c6f2cc69",4,1.58,0.88,1
"3f609091-4449-4d7c-bf14-1787c6f2cc69",4,1,0.92,2
"1d26d92e-c09f-4d92-a77c-ddbe1273e6a6",4,1,0.92,1
"1d26d92e-c09f-4d92-a77c-ddbe1273e6a6",4,1.3,0.92,2
"14a9bb0f-370f-4510-a0da-032ed7e6f91d",4,3,0.4,1
"14a9bb0f-370f-4510-a0da-032ed7e6f91d",6,4.99,0.6,2
"96919b9a-7874-45cb-aec0-fe67157cb813",4,1.05,0.88,1
"96919b9a-7874-45cb-aec0-fe67157cb813",4,2.1,0.88,2
"12600c1f-1fcb-468c-a501-538aeea3de32",6,3.25,0.84,1
"12600c1f-1fcb-468c-a501-538aeea3de32",6,1.83,0.88,2
"d9e4f4d4-ea3b-4f7a-a415-929439934446",4,1,0.96,1
"d9e4f4d4-ea3b-4f7a-a415-929439934446",4,1.39,0.92,2
"a4e365b2-3793-425a-b159-0a26c06c5fdc",4,1,0.88,1
"a4e365b2-3793-425a-b159-0a26c06c5fdc",4,1.3,0.88,2
"94820be0-5af1-42ae-a1a3-3093d8d90ae0",4,1.1,0.92,1
"94820be0-5af1-42ae-a1a3-3093d8d90ae0",4,1.1,0.92,2
"74c2471d-f6ab-4a9b-a5a6-4568be253871",6,1.47,0.88,1
"74c2471d-f6ab-4a9b-a5a6-4568be253871",6,3.01,0.72,2
"ac905374-45ef-41aa-88c0-950dccb5b3a5",4,2.25,0.84,1
"ac905374-45ef-41aa-88c0-950dccb5b3a5",6,4.45,0.68,2
"c9105586-9c16-4599-aa00-9da87ae66d05",4,1.15,0.92,1
"c9105586-9c16-4599-aa00-9da87ae66d05",4,1,0.96,2
"5f276d62-1c6d-4a0a-9d12-da6941bd960b",4,1,1,1
"5f276d62-1c6d-4a0a-9d12-da6941bd960b",4,1,1,2
"d7899dfb-0250-4860-a294-6befac1d9b33",4,1.58,0.88,1
"d7899dfb-0250-4860-a294-6befac1d9b33",4,1.03,0.92,2
"87c9c69a-4b5d-4734-a9b9-af5b4f4ca5b9",4,1.86,0.88,1
"87c9c69a-4b5d-4734-a9b9-af5b4f4ca5b9",6,1.55,0.92,2
"6f25f2db-9092-4d2a-a5d6-303acb667ee7",6,1.71,0.84,1
"6f25f2db-9092-4d2a-a5d6-303acb667ee7",4,1.03,0.92,2
"d1ef1f42-558c-41a4-8241-c00056583ca7",4,1.58,0.88,1
"d1ef1f42-558c-41a4-8241-c00056583ca7",6,3.75,0.84,2
"acbafd9b-9b86-4bdd-b766-bbafeaa2bcf2",4,1.58,0.84,1
"acbafd9b-9b86-4bdd-b766-bbafeaa2bcf2",4,1.27,0.92,2
"49a3d795-382f-4560-bbe4-cfa73c16f418",6,3.17,0.88,1
"49a3d795-382f-4560-bbe4-cfa73c16f418",6,1.83,0.92,2
"237a3091-a492-4b9e-a297-bc5cf0cdd1db",4,1.58,0.88,1
"237a3091-a492-4b9e-a297-bc5cf0cdd1db",6,1.88,0.84,2
"1deeba66-3dc3-4036-99ed-2cf1d28a7e2b",4,2.19,0.84,1
"1deeba66-3dc3-4036-99ed-2cf1d28a7e2b",4,1.53,0.88,2
"1b7b31aa-9a1a-4564-be27-7e9c8a709776",4,1.1,0.92,1
"1b7b31aa-9a1a-4564-be27-7e9c8a709776",4,1.3,0.92,2
"884fa474-00e6-4e91-a142-aa9b4362f5eb",4,3,0.72,1
"884fa474-00e6-4e91-a142-aa9b4362f5eb",4,2.48,0.56,2
"451816b1-9d09-47f3-8e29-80a670455f35",4,2.48,0.84,1
"451816b1-9d09-47f3-8e29-80a670455f35",4,2.73,0.8,2
"6f0f0f4e-72f5-4b1c-bab3-9f52f939f35c",4,1.73,0.84,1
"6f0f0f4e-72f5-4b1c-bab3-9f52f939f35c",4,2,0.8,2
"afcab474-516e-482d-b7d8-e780eae0cad2",4,1.86,0.84,1
"afcab474-516e-482d-b7d8-e780eae0cad2",4,1.73,0.88,2
"831fb6ea-4539-4a08-ba8a-f06caf258b8d",6,2.44,0.84,1
"831fb6ea-4539-4a08-ba8a-f06caf258b8d",4,1.61,0.88,2
"f966adf8-7f9d-4bae-8db1-31ef997a80ca",6,4.35,0.84,1
"f966adf8-7f9d-4bae-8db1-31ef997a80ca",6,1.59,0.88,2
"cbc64e74-efe2-455a-8f70-85634d9a0206",6,2.52,0.88,1
"cbc64e74-efe2-455a-8f70-85634d9a0206",6,2.34,0.84,2
"2fc85fa4-9c19-42e6-8e71-fcd68d2a054c",4,1,0.96,1
"2fc85fa4-9c19-42e6-8e71-fcd68d2a054c",4,1.27,0.92,2
"349ab4a2-76f3-4ae5-b62d-88e99029fa70",4,1.1,0.92,1
"349ab4a2-76f3-4ae5-b62d-88e99029fa70",4,1.91,0.84,2
"307cc92c-32eb-4112-8e5e-0cba9850efc6",6,1.3,0.92,1
"307cc92c-32eb-4112-8e5e-0cba9850efc6",6,1,0.96,2
"b5bd2df9-4eb7-4a5a-9a54-831724a7a8bf",4,1.33,0.88,1
"b5bd2df9-4eb7-4a5a-9a54-831724a7a8bf",6,2.9,0.88,2
"48cad1f0-3f9f-464e-aaf3-57f6d67b80d5",4,1.3,0.92,1
"48cad1f0-3f9f-464e-aaf3-57f6d67b80d5",6,2.88,0.88,2
"63798fef-99de-44f8-b20f-2014cc71a70c",4,3,0.8,1
"63798fef-99de-44f8-b20f-2014cc71a70c",4,1.5,0.8,2
"ffea6328-cc2b-47f6-acfa-e1a2e545b051",4,2.73,0.84,1
"ffea6328-cc2b-47f6-acfa-e1a2e545b051",4,1.53,0.88,2
"e356492e-db2b-4355-99c3-2cc66f05e45b",4,1,0.96,1
"e356492e-db2b-4355-99c3-2cc66f05e45b",4,1.18,0.92,2
"4d8f4ead-d374-4d9f-b857-60167ea1468a",6,1.44,0.88,1
"4d8f4ead-d374-4d9f-b857-60167ea1468a",6,1.48,0.92,2
"c0557075-cd8f-49c5-9924-1c51cb53a647",4,1.81,0.88,1
"c0557075-cd8f-49c5-9924-1c51cb53a647",4,2.54,0.84,2
"e600be10-b81e-4800-ad55-3f2d9aa00d35",4,2.31,0.84,1
"e600be10-b81e-4800-ad55-3f2d9aa00d35",4,1.1,0.88,2
"e3ff3456-6819-4338-93db-f76fca46fc41",6,1,0.96,1
"e3ff3456-6819-4338-93db-f76fca46fc41",6,1,0.96,2
"32f6e1ad-9bc3-43a5-830c-9989ac1452df",4,1.39,0.92,1
"32f6e1ad-9bc3-43a5-830c-9989ac1452df",4,1.58,0.88,2
"e9e0dd76-a93e-4ade-9468-aeacb952b5cd",4,1,0.92,1
"e9e0dd76-a93e-4ade-9468-aeacb952b5cd",4,1.65,0.88,2
"eb90590a-7915-4525-9aa8-115527e958e5",4,1.15,0.92,1
"eb90590a-7915-4525-9aa8-115527e958e5",4,1.1,0.92,2
"b577738e-c2d2-4b05-ba21-7380e8ee92c0",4,1.3,0.92,1
"b577738e-c2d2-4b05-ba21-7380e8ee92c0",4,1,0.96,2
"c197fdbd-0189-4841-9b82-93470b4aecf6",4,1.55,0.88,1
"c197fdbd-0189-4841-9b82-93470b4aecf6",4,1.41,0.88,2
"243a62c2-a794-4cba-9161-0bb6355d6ce5",4,1,1,1
"243a62c2-a794-4cba-9161-0bb6355d6ce5",4,1,0.96,2
"416a6208-9bd3-47e8-aa7d-c9e99560ac65",4,1,0.96,1
"416a6208-9bd3-47e8-aa7d-c9e99560ac65",4,1,1,2
"7412e01b-f5f8-4c26-b98e-523f79ce7097",4,1.1,0.92,1
"7412e01b-f5f8-4c26-b98e-523f79ce7097",4,1.73,0.88,2
"62ab4b71-fa52-4f5f-b326-27281bb10a3e",4,2.48,0.84,1
"62ab4b71-fa52-4f5f-b326-27281bb10a3e",4,1.58,0.88,2
"c43a9828-7212-42b0-922f-a664f2c2ffcd",6,2.02,0.84,1
"c43a9828-7212-42b0-922f-a664f2c2ffcd",6,3.25,0.84,2
"823d9d12-9e18-4277-a31a-73b706a77317",4,1.65,0.84,1
"823d9d12-9e18-4277-a31a-73b706a77317",4,2.73,0.8,2
"5b78d508-bf76-4030-9864-20f51fb20a2a",6,1.75,0.88,1
"5b78d508-bf76-4030-9864-20f51fb20a2a",6,1.83,0.88,2
"9240002e-bbe5-46dd-b6ac-cd0e6057b959",4,1.69,0.8,1
"9240002e-bbe5-46dd-b6ac-cd0e6057b959",4,1.91,0.88,2
"ca5cc6cd-280e-42c2-b9ed-15147abe5152",4,2.27,0.4,1
"ca5cc6cd-280e-42c2-b9ed-15147abe5152",4,2.27,0.56,2
"45e567e4-1fa7-4ec5-acd3-a002df6753b8",4,1.81,0.84,1
"45e567e4-1fa7-4ec5-acd3-a002df6753b8",4,1.73,0.88,2
"9ce586a3-aac0-4ba1-a9a1-2ecc5d68a7e3",4,2.15,0.84,1
"9ce586a3-aac0-4ba1-a9a1-2ecc5d68a7e3",4,1.61,0.88,2
"1ff936db-7b0f-4796-84e0-29bbd27cad8e",4,1.3,0.92,1
"1ff936db-7b0f-4796-84e0-29bbd27cad8e",4,1.15,0.92,2
"71a0cdcb-98f8-45fa-a343-984a137ae2f3",4,2.25,0.84,1
"71a0cdcb-98f8-45fa-a343-984a137ae2f3",4,2.1,0.84,2
"4b4b161a-67c6-4107-8e0a-6130a83c676d",4,1.44,0.84,1
"4b4b161a-67c6-4107-8e0a-6130a83c676d",4,1.69,0.88,2
"1dae6c92-5683-4a14-947a-cd89276e12e7",4,1.91,0.84,1
"1dae6c92-5683-4a14-947a-cd89276e12e7",4,1.1,0.88,2
"8dcb7d0d-40b9-45a1-bc4b-9797811f0d20",4,1,1,1
"8dcb7d0d-40b9-45a1-bc4b-9797811f0d20",4,1,1,2
"8bb1c208-204f-4f51-afe7-516cdecb7048",4,2.22,0.8,1
"8bb1c208-204f-4f51-afe7-516cdecb7048",4,1.97,0.84,2
"19d55dd0-0149-4b9c-a697-d995bc787592",6,2.29,0.88,1
"19d55dd0-0149-4b9c-a697-d995bc787592",4,1.5,0.92,2
"d967b82e-bd66-49a2-a02e-bbfa80e7e261",4,1.3,0.96,1
"fa3987f9-b586-4028-9956-f932e401e9b9",4,2.19,0.84,1
"d967b82e-bd66-49a2-a02e-bbfa80e7e261",4,1,1,2
"63143a88-2143-4ff7-9c0a-b88bc1e5ec60",4,1.99,0.88,1
"fa3987f9-b586-4028-9956-f932e401e9b9",4,1.39,0.92,2
"63143a88-2143-4ff7-9c0a-b88bc1e5ec60",4,1.3,0.92,2
"c44899b2-d0d9-406c-986e-8e88dbb9a0c0",4,1.05,0.96,1
"c44899b2-d0d9-406c-986e-8e88dbb9a0c0",6,2.22,0.88,2
"5f1028b5-3186-4330-8967-b874f4f84998",4,3,0.44,1
"5f1028b5-3186-4330-8967-b874f4f84998",4,3,0.48,2
"5b74bea0-01cb-465d-afa7-d3d49fd52260",4,1.58,0.88,1
"5b74bea0-01cb-465d-afa7-d3d49fd52260",4,1.33,0.88,2
"c4117e22-97dc-4db1-8257-e3835276eb99",4,1.1,0.92,1
"c4117e22-97dc-4db1-8257-e3835276eb99",4,1.18,0.92,2
"1313e81d-76e4-4ceb-af6e-bdcc1c0074e4",4,2.1,0.88,1
"1313e81d-76e4-4ceb-af6e-bdcc1c0074e4",6,4.99,0.76,2
"f03d0d9e-5bef-4944-a628-f024b58413ac",4,1,0.96,1
"f03d0d9e-5bef-4944-a628-f024b58413ac",4,1,0.96,2
"2eafcef1-fab7-485a-92eb-64ae7917b306",4,1.69,0.88,1
"2eafcef1-fab7-485a-92eb-64ae7917b306",6,3.84,0.84,2
"74e03b9b-e55c-4778-b3a7-9144a6ffb063",4,1.73,0.88,1
"74e03b9b-e55c-4778-b3a7-9144a6ffb063",6,1,0.96,2
"9ca999a3-3542-4951-a528-722d8c323bd7",4,1.61,0.88,1
"9ca999a3-3542-4951-a528-722d8c323bd7",6,2.38,0.84,2
"6b06a717-69b2-4ca6-b10f-50f8c63c559c",4,1.58,0.88,1
"6b06a717-69b2-4ca6-b10f-50f8c63c559c",4,1.58,0.88,2
"58dee8b2-3f3a-4d64-a1e8-139a3645c5f0",6,1.82,0.88,1
"58dee8b2-3f3a-4d64-a1e8-139a3645c5f0",4,1.1,0.92,2
"9bd5cb86-94cb-4fcd-8f97-8d86cb441ffb",6,2.64,0.8,1
"9bd5cb86-94cb-4fcd-8f97-8d86cb441ffb",6,2.84,0.88,2
"76b9676e-4f52-49aa-81f6-b4cf0b7c5430",6,1.53,0.96,1
"76b9676e-4f52-49aa-81f6-b4cf0b7c5430",4,1,0.96,2
"794ebec5-3fa0-4fe4-bf49-5fa526794697",4,1.73,0.84,1
"794ebec5-3fa0-4fe4-bf49-5fa526794697",4,1.58,0.88,2
"4f7751dc-80e2-4aab-8441-8f889a70689e",4,1,0.96,1
"65230539-aee9-4307-801c-a47e569ea072",4,1.73,0.88,1
"4f7751dc-80e2-4aab-8441-8f889a70689e",4,1,0.84,2
"65230539-aee9-4307-801c-a47e569ea072",6,2.62,0.8,2
"d0a26895-4634-4f8b-9523-7b4df85ed4c6",4,1.73,0.88,1
"d0a26895-4634-4f8b-9523-7b4df85ed4c6",4,1.39,0.92,2
"6f5f53f5-a08c-44aa-9967-a4b9beba8c05",4,1.3,0.92,1
"6f5f53f5-a08c-44aa-9967-a4b9beba8c05",4,1.61,0.84,2
"03575ab5-3745-4a56-8e63-55e73d66e86e",4,2.48,0.84,1
"03575ab5-3745-4a56-8e63-55e73d66e86e",4,1.18,0.92,2
"89cdb19e-2ce1-4aa9-866f-87a223897c61",4,2.35,0.52,1
"89cdb19e-2ce1-4aa9-866f-87a223897c61",4,1.53,0.84,2
"478e4be4-0aef-4518-ba49-00da92c28e5c",4,1.1,0.92,1
"478e4be4-0aef-4518-ba49-00da92c28e5c",4,1,0.96,2
"aae058ed-a333-41ff-9f63-856d69230933",4,1.91,0.88,1
"aae058ed-a333-41ff-9f63-856d69230933",6,2.31,0.88,2
"6250db7c-8658-4281-8f39-175e629f1431",4,1,1,1
"6250db7c-8658-4281-8f39-175e629f1431",4,1,0.96,2
"293ebc75-992a-42cd-ac9c-fd432990ace6",6,4.99,0.6,1
"293ebc75-992a-42cd-ac9c-fd432990ace6",4,1.37,0.88,2
"c326569d-e4d9-423e-85df-3c7dce466db1",4,1.18,0.92,1
"c326569d-e4d9-423e-85df-3c7dce466db1",4,1.3,0.92,2
"764f8e61-49ab-4e43-913d-2a3818b25cc5",4,1.1,0.92,1
"764f8e61-49ab-4e43-913d-2a3818b25cc5",6,3.7,0.84,2
"a293839c-f7ec-4c7e-a257-58f460c13a4a",4,1.73,0.88,1
"a293839c-f7ec-4c7e-a257-58f460c13a4a",4,1.05,0.92,2
"806a4513-7622-4db0-83f5-802c72461cb4",4,1.27,0.92,1
"806a4513-7622-4db0-83f5-802c72461cb4",4,1.1,0.92,2
"01b3d146-5f45-4ae7-96fe-4d534394a282",4,2.25,0.8,1
"01b3d146-5f45-4ae7-96fe-4d534394a282",6,4.06,0.68,2
"e0daed20-6d0a-4a73-afee-79884e6b3ffe",4,1.58,0.84,1
"e0daed20-6d0a-4a73-afee-79884e6b3ffe",6,3.05,0.88,2
"b6d96f80-0b17-4e99-966f-5f9680fc111d",4,1.73,0.84,1
"b6d96f80-0b17-4e99-966f-5f9680fc111d",4,1.47,0.88,2
"06d1c356-9179-4f98-ad86-ca49c372fc14",4,1.86,0.84,1
"06d1c356-9179-4f98-ad86-ca49c372fc14",4,1.1,0.92,2
"95133e63-6cb3-401a-bd86-11671b7743c7",4,1.65,0.92,1
"95133e63-6cb3-401a-bd86-11671b7743c7",4,1.1,0.92,2
"da130fe1-7c8c-4862-90d9-2ded0776a2cb",4,1.73,0.84,1
"da130fe1-7c8c-4862-90d9-2ded0776a2cb",4,1.86,0.88,2
"bf40bcb1-d1b5-4bec-9473-593993dd03d0",4,2.15,0.84,1
"bf40bcb1-d1b5-4bec-9473-593993dd03d0",4,1.3,0.92,2
"4f014cab-33fc-47d6-99a9-06ddcda0aaf3",4,1.81,0.88,1
"4f014cab-33fc-47d6-99a9-06ddcda0aaf3",4,1.65,0.88,2
"1420e81d-23e2-4a1b-a869-7758b44e4c67",4,1.65,0.88,1
"1420e81d-23e2-4a1b-a869-7758b44e4c67",4,1.1,0.88,2
"4836a70a-15bd-480f-b6c4-28015672b632",4,1.18,0.92,1
"4836a70a-15bd-480f-b6c4-28015672b632",6,2.38,0.88,2
"007bbc8a-c4c9-4f0c-aef9-4b9e89f3ffee",6,3.02,0.76,1
"007bbc8a-c4c9-4f0c-aef9-4b9e89f3ffee",6,2.75,0.88,2
"378e8b4e-3041-4e09-a300-7cc6df650d47",6,1.5,0.92,1
"378e8b4e-3041-4e09-a300-7cc6df650d47",6,2.35,0.84,2
"74b10d26-f3f3-40d9-bbc1-cb204c3dcf19",6,1.31,0.84,1
"74b10d26-f3f3-40d9-bbc1-cb204c3dcf19",4,1.1,0.88,2
"20b66514-9ee3-4cb2-bbb8-9aa6fe546684",4,3,0.84,1
"20b66514-9ee3-4cb2-bbb8-9aa6fe546684",4,1.21,0.88,2
"1f22681c-aafe-4bd0-ab80-b310c9c2ab11",4,2,0.8,1
"1f22681c-aafe-4bd0-ab80-b310c9c2ab11",4,1.78,0.84,2
"87554008-1a5b-4fd4-8cce-8f360f3711bc",4,1.01,0.84,1
"87554008-1a5b-4fd4-8cce-8f360f3711bc",4,1.32,0.88,2
"d9fafd2b-72cc-477c-b25a-ba3b2997e624",6,2.19,0.84,1
"d9fafd2b-72cc-477c-b25a-ba3b2997e624",4,1,0.96,2
"70dbf0df-19ea-4ab6-860b-850d41aa502c",6,1.3,0.96,1
"70dbf0df-19ea-4ab6-860b-850d41aa502c",6,1.49,0.92,2
"56c4fe85-fd21-46a8-b39d-5ad21c9a776a",4,1,0.96,1
"56c4fe85-fd21-46a8-b39d-5ad21c9a776a",4,1,0.96,2
"310c97ea-a2c5-4285-b688-01e887f23705",4,1,0.96,1
"310c97ea-a2c5-4285-b688-01e887f23705",4,1.3,0.92,2
"a003a09c-fec9-4b99-b732-2bab76a9b37f",4,1.21,0.84,1
"a003a09c-fec9-4b99-b732-2bab76a9b37f",4,1.86,0.84,2
"1395e9dc-26ee-4041-8d67-969a80f8b18a",4,1.15,0.92,1
"1395e9dc-26ee-4041-8d67-969a80f8b18a",6,1.55,0.92,2
"436c59da-b8cc-4b3b-a0a4-0d7a7ad4d82a",6,1.83,0.92,1
"436c59da-b8cc-4b3b-a0a4-0d7a7ad4d82a",6,1.3,0.96,2
"c5d6c82b-8498-488d-aa24-6de149ad5077",6,1.86,0.92,1
"c5d6c82b-8498-488d-aa24-6de149ad5077",6,1.83,0.92,2
"4d321356-c75e-4868-a0a2-5d70e690be8d",6,2.74,0.8,1
"4d321356-c75e-4868-a0a2-5d70e690be8d",4,1.1,0.88,2
"60c4fb94-99e0-4e7a-8cec-d3cfbca61662",6,1,0.96,1
"60c4fb94-99e0-4e7a-8cec-d3cfbca61662",6,2.17,0.88,2
"ac34e772-0dcc-4ff6-aa58-68d8b1802f73",4,1.3,0.92,1
"ac34e772-0dcc-4ff6-aa58-68d8b1802f73",4,1.27,0.92,2
"53d5a279-f763-4f6f-a8c8-c7c41bb6d761",4,3,0.8,1
"53d5a279-f763-4f6f-a8c8-c7c41bb6d761",4,1.95,0.84,2
"aa77beff-c152-4e79-b195-7ceddc11e66f",6,2.75,0.8,1
"aa77beff-c152-4e79-b195-7ceddc11e66f",4,1.5,0.8,2
"0b10f030-8a00-42c4-b8bf-dc40b4849860",6,2.68,0.84,1
"0b10f030-8a00-42c4-b8bf-dc40b4849860",4,1.18,0.92,2
"8e1865d4-e79f-4180-80f7-eb594ab4d422",4,1.48,0.84,1
"fd5b5dcd-1485-445d-a280-fd2576099fc8",4,1.3,0.92,1
"fd5b5dcd-1485-445d-a280-fd2576099fc8",4,1.5,0.92,2
"8e1865d4-e79f-4180-80f7-eb594ab4d422",4,2.81,0.8,2
"d2e9b04e-36d2-494d-9d57-a2fb8fe5f82e",4,1.06,0.92,1
"d2e9b04e-36d2-494d-9d57-a2fb8fe5f82e",4,1,0.96,2
"ef6c7b87-b1bf-4216-b327-e82b9eacfa84",6,1.51,0.92,1
"ef6c7b87-b1bf-4216-b327-e82b9eacfa84",4,1.1,0.92,2
"ad3aeffe-ee72-4c5a-8092-d2b9c7db31ec",6,1.71,0.92,1
"ad3aeffe-ee72-4c5a-8092-d2b9c7db31ec",6,1.83,0.92,2
"429658b2-60f1-496b-8968-03157af894fa",6,2.2,0.84,1
"429658b2-60f1-496b-8968-03157af894fa",6,3.01,0.84,2
"bd718086-5a6f-493f-b3d3-a77d9de88bbb",6,2.79,0.88,1
"bd718086-5a6f-493f-b3d3-a77d9de88bbb",6,1.47,0.88,2
"5459dba2-1dd7-4eab-a213-3335f45e7d33",4,1.73,0.84,1
"5459dba2-1dd7-4eab-a213-3335f45e7d33",4,1,0.96,2
"844e5d27-117e-43c8-adfd-320c86384c35",4,3,0.56,1
"844e5d27-117e-43c8-adfd-320c86384c35",4,3,0.6,2
"848a232d-0ee3-4063-82dc-b8f7f2ad91c7",4,1.3,0.96,1
"848a232d-0ee3-4063-82dc-b8f7f2ad91c7",4,1.53,0.92,2
"7017930c-4db3-4c63-948a-8705f9cf1176",4,1.18,0.92,1
"7017930c-4db3-4c63-948a-8705f9cf1176",4,1,0.96,2
"d5e0eb77-9047-4857-aebc-f065010c331f",4,1.58,0.88,1
"d5e0eb77-9047-4857-aebc-f065010c331f",4,1.1,0.88,2
"535f1af0-9e7c-4032-b7bd-006c8e872c02",4,1.3,0.92,1
"535f1af0-9e7c-4032-b7bd-006c8e872c02",6,1.83,0.92,2
"9e446ae9-9910-4c62-8ccf-cec87b0c857b",4,2.93,0.8,1
"9e446ae9-9910-4c62-8ccf-cec87b0c857b",4,1.1,0.92,2
"f5d6d600-28d7-4f3e-92d6-f91aa18f27bc",4,1.1,0.92,1
"f5d6d600-28d7-4f3e-92d6-f91aa18f27bc",4,1.3,0.88,2
"87918435-35d9-455d-8cb2-d7bf91b09628",4,2.48,0.8,1
"87918435-35d9-455d-8cb2-d7bf91b09628",4,2.79,0.76,2
"d85de2b2-86ad-46e0-8942-8907fda3c342",4,1.73,0.88,1
"d85de2b2-86ad-46e0-8942-8907fda3c342",4,1.95,0.84,2
"0c68d796-315e-4e32-959e-13bbdbb243d7",4,1.58,0.88,1
"0c68d796-315e-4e32-959e-13bbdbb243d7",4,1.1,0.88,2
"188c31e1-27a9-49ec-814c-1e8c090b3b0a",4,1.1,0.92,1
"188c31e1-27a9-49ec-814c-1e8c090b3b0a",4,1,0.96,2
"bf90994a-4f09-4228-a737-8d6521f7e2d8",4,1.15,0.92,1
"bf90994a-4f09-4228-a737-8d6521f7e2d8",4,1,0.96,2
"97eea670-9035-495b-8115-a21662e452b2",4,1.07,0.92,1
"97eea670-9035-495b-8115-a21662e452b2",4,1.69,0.88,2
"bc447651-a2ca-4aa2-a6e8-3a29ea0c0032",6,4.99,0.56,1
"bc447651-a2ca-4aa2-a6e8-3a29ea0c0032",4,3,0.44,2
"24f25b45-9637-469c-b2cf-96a1c134ea92",4,1.07,0.92,1
"24f25b45-9637-469c-b2cf-96a1c134ea92",4,1,1,2
"0c15e240-1c63-4dac-bb98-d8ea190089e6",4,2.25,0.84,1
"0c15e240-1c63-4dac-bb98-d8ea190089e6",4,1,0.88,2
"b3f93bf4-1fcf-4ef0-807a-6e3d93ccba4c",4,1.58,0.88,1
"b3f93bf4-1fcf-4ef0-807a-6e3d93ccba4c",4,1,0.96,2
"b2f36e70-30ec-4216-b4d0-3caea32d753c",6,4.54,0.44,1
"b2f36e70-30ec-4216-b4d0-3caea32d753c",6,2.02,0.88,2
"990eaa69-0f1a-4d55-ab05-34bb2586764b",4,1.3,0.92,1
"990eaa69-0f1a-4d55-ab05-34bb2586764b",4,2.73,0.84,2
"ce610105-c4ad-4353-a5f5-329c5c0f6241",4,3,0.44,1
"ce610105-c4ad-4353-a5f5-329c5c0f6241",4,1.33,0.84,2
"8c0f19da-75b6-4ace-807d-cd13dffdaf99",4,1.88,0.88,1
"8c0f19da-75b6-4ace-807d-cd13dffdaf99",4,1.09,0.92,2
"1620c006-9090-4d0f-b504-0a24920f041d",6,2.71,0.88,1
"1620c006-9090-4d0f-b504-0a24920f041d",4,1.43,0.88,2
"262e6b68-b507-4aa8-925c-faa7c87865e2",4,2.48,0.84,1
"262e6b68-b507-4aa8-925c-faa7c87865e2",4,1.95,0.84,2
"89f16bf3-5dc8-4200-8cf9-a480cd948232",4,3,0.72,1
"89f16bf3-5dc8-4200-8cf9-a480cd948232",4,1.69,0.88,2
"71909663-f805-476e-80eb-445d9c0079c4",4,1.53,0.84,1
"71909663-f805-476e-80eb-445d9c0079c4",4,1.24,0.92,2
"b74ccf8a-5423-4c07-913d-efec8f5aba95",4,3,0.8,1
"b74ccf8a-5423-4c07-913d-efec8f5aba95",4,2.48,0.84,2
"cb3fa3f1-0b97-4411-b4e6-bf507b0d230a",6,1.53,0.92,1
"cb3fa3f1-0b97-4411-b4e6-bf507b0d230a",6,1.81,0.84,2
"d90a778b-94e7-4ac1-9485-0da89be784be",4,1.65,0.88,1
"d90a778b-94e7-4ac1-9485-0da89be784be",4,1.18,0.96,2
"42de9348-d69f-442f-92b4-9bbbe5b7c667",4,1,0.88,1
"42de9348-d69f-442f-92b4-9bbbe5b7c667",4,1,0.96,2
"61a609e3-9ad6-4077-9118-e58faed5e0a1",6,1.61,0.88,1
"61a609e3-9ad6-4077-9118-e58faed5e0a1",6,2.3,0.88,2
"ed12d6dd-11e1-4127-84cf-ba0dd607375d",6,1.07,0.92,1
"ed12d6dd-11e1-4127-84cf-ba0dd607375d",6,1.07,0.96,2
"1b50fbaa-7cf9-485a-95b6-cfead1662797",4,1.1,0.88,1
"1b50fbaa-7cf9-485a-95b6-cfead1662797",4,1.1,0.88,2
"6242b6f2-6965-4885-b20d-1d30f557d565",4,1.1,0.92,1
"6242b6f2-6965-4885-b20d-1d30f557d565",6,1.67,0.88,2
"4e2cfdca-971c-4558-a9a3-ca8802659ba3",4,1.03,0.76,1
"4e2cfdca-971c-4558-a9a3-ca8802659ba3",4,3,0.84,2
"fbc01ee8-5582-4fc3-a2ac-4830e64c4173",6,1.16,0.88,1
"fbc01ee8-5582-4fc3-a2ac-4830e64c4173",6,2.38,0.88,2
"1b93ef0b-5496-4c6c-bc22-a13130421b34",4,2.1,0.84,1
"1b93ef0b-5496-4c6c-bc22-a13130421b34",4,1.3,0.88,2
"1156243b-3b73-409b-96bb-b7eabd4fbdcc",4,1.1,0.92,1
"1156243b-3b73-409b-96bb-b7eabd4fbdcc",4,1,0.92,2
"3bf87bfb-5ed9-4d32-8f7e-3101a2f0c9d0",4,1.39,0.92,1
"3bf87bfb-5ed9-4d32-8f7e-3101a2f0c9d0",4,1.1,0.88,2
"da9e8f30-afe0-4b88-8586-b25518ea694a",6,2.25,0.88,1
"da9e8f30-afe0-4b88-8586-b25518ea694a",6,1.86,0.92,2
"8c320288-35eb-4227-87dc-6e0841fa1d87",6,4.99,0.76,1
"8c320288-35eb-4227-87dc-6e0841fa1d87",4,1.91,0.88,2
"4ca17fa6-500d-4194-8bf7-7631cc46ce23",6,2.51,0.88,1
"4ca17fa6-500d-4194-8bf7-7631cc46ce23",4,1.1,0.92,2
"d7507615-f3de-4477-9f82-927a4ab7af78",4,2.2,0.8,1
"d7507615-f3de-4477-9f82-927a4ab7af78",4,1.03,0.88,2
"78e15ea5-a25e-46cc-b686-782fbd6c6845",6,2.81,0.84,1
"78e15ea5-a25e-46cc-b686-782fbd6c6845",4,2.73,0.8,2
"f14dee12-45e5-4f5f-bd5e-9c213d64ce3b",6,2.11,0.88,1
"f14dee12-45e5-4f5f-bd5e-9c213d64ce3b",6,3.84,0.84,2
"63a4024b-27cd-4422-8c19-d810c9681758",6,1.83,0.88,1
"63a4024b-27cd-4422-8c19-d810c9681758",4,1.78,0.88,2
"554ddcc5-1c16-4f5e-9fc1-4413e2e2442f",6,1.66,0.92,1
"554ddcc5-1c16-4f5e-9fc1-4413e2e2442f",4,1.1,0.92,2
"ce6e5783-acd6-46e8-85fc-56c9b4671af7",4,1.91,0.88,1
"ce6e5783-acd6-46e8-85fc-56c9b4671af7",4,1.39,0.92,2
"389e1de9-f27d-459b-8652-1f206c432578",4,1.1,0.92,1
"389e1de9-f27d-459b-8652-1f206c432578",6,1.99,0.88,2
"78d5269b-3d21-4f21-b32f-a9d07a9411f4",4,3,0.4,1
"78d5269b-3d21-4f21-b32f-a9d07a9411f4",4,3,0.52,2
"6c9afb5c-fb84-4e41-9263-ac21486bb743",4,1.36,0.88,1
"6c9afb5c-fb84-4e41-9263-ac21486bb743",4,1,0.84,2
"af6e5a9a-11fd-416e-b469-86585cde14fb",6,2.81,0.88,1
"af6e5a9a-11fd-416e-b469-86585cde14fb",6,1.83,0.92,2
"26e0affd-70d2-4a61-b127-e66d45bc1730",4,1.69,0.88,1
"26e0affd-70d2-4a61-b127-e66d45bc1730",4,1.53,0.88,2
"9c74d1e9-8d7a-4a7b-88a9-830546c5609a",4,1.69,0.88,1
"9c74d1e9-8d7a-4a7b-88a9-830546c5609a",6,3.49,0.84,2
"5c1323a4-42d7-4173-ab3b-dce65f9ff673",4,1.65,0.88,1
"5c1323a4-42d7-4173-ab3b-dce65f9ff673",4,1.47,0.88,2
"ca7572e3-ada9-42c5-9aac-e53a264018e1",6,1.53,0.92,1
"ca7572e3-ada9-42c5-9aac-e53a264018e1",6,3.69,0.84,2
"14fb0d85-a3d3-49bf-9775-ae737be5f5e0",4,2.6,0.68,1
"14fb0d85-a3d3-49bf-9775-ae737be5f5e0",4,1.82,0.84,2
"2fefd6b4-0d20-483c-85fd-a3566b45c1e4",4,2.73,0.84,1
"2fefd6b4-0d20-483c-85fd-a3566b45c1e4",4,1.1,0.92,2
"7a53af75-0f60-4724-b0be-fbba3c68ee53",4,1.69,0.88,1
"7a53af75-0f60-4724-b0be-fbba3c68ee53",4,1.1,0.92,2
"3cf42fbb-2c49-4c6c-a2f5-0524020a231c",4,2.31,0.84,1
"3cf42fbb-2c49-4c6c-a2f5-0524020a231c",4,1.73,0.88,2
"7195beb2-fa14-4abe-82d1-ed685fc41815",4,1.69,0.84,1
"7195beb2-fa14-4abe-82d1-ed685fc41815",4,1.3,0.92,2
"2dac0c22-f9ab-4f7e-a373-be81b4534035",4,1,0.92,1
"2dac0c22-f9ab-4f7e-a373-be81b4534035",4,1.39,0.88,2
"5e929db1-305a-4735-be47-870160aac0dc",4,1.58,0.88,1
"5e929db1-305a-4735-be47-870160aac0dc",4,1.1,0.88,2
"448f7f25-ccf2-494a-9b3c-16a28921539d",4,1.18,0.92,1
"448f7f25-ccf2-494a-9b3c-16a28921539d",4,1,0.96,2
"1ffbbb1c-dadc-4fe4-9442-d9430a90e79c",4,1.24,0.88,1
"1ffbbb1c-dadc-4fe4-9442-d9430a90e79c",4,1.1,0.92,2
"50ceac3f-8636-4e9c-a205-460697cc203e",4,1,0.92,1
"50ceac3f-8636-4e9c-a205-460697cc203e",4,1.27,0.92,2
"53cb8918-1ae2-4f5e-a990-3312235b6bab",4,1,1,1
"53cb8918-1ae2-4f5e-a990-3312235b6bab",4,1.1,0.92,2
"830c33eb-db6d-49cc-a5e6-93b088b94f34",4,3,0.76,1
"830c33eb-db6d-49cc-a5e6-93b088b94f34",4,2.48,0.84,2
"e7f08f1a-185b-4c2a-ba32-4db240db3890",6,2.88,0.88,1
"e7f08f1a-185b-4c2a-ba32-4db240db3890",6,1.06,0.96,2
"1269877d-9c2d-482e-b3d8-385fa4574fbd",6,2.62,0.88,1
"1269877d-9c2d-482e-b3d8-385fa4574fbd",6,1.83,0.92,2
"227a5739-8f7f-45e2-9ebf-8502e391581f",4,1,0.92,1
"227a5739-8f7f-45e2-9ebf-8502e391581f",4,1,0.96,2
"c05b187b-eb66-420a-aba2-d6a5213495c6",6,4.33,0.8,1
"c05b187b-eb66-420a-aba2-d6a5213495c6",4,1.5,0.8,2
"e679508c-dc4f-4fd9-9732-c2231989d5de",4,1,1,1
"e679508c-dc4f-4fd9-9732-c2231989d5de",4,1.07,0.96,2
"3e5bef41-6093-48e0-987b-53a9fc9e020d",4,3,0.48,1
"3e5bef41-6093-48e0-987b-53a9fc9e020d",4,3,0.48,2
"47abed69-4041-4c0d-a952-0e3d271f8490",6,2.07,0.88,1
"47abed69-4041-4c0d-a952-0e3d271f8490",6,1.45,0.92,2
"6e694d38-3e3f-4298-8a8b-48e623d62a30",4,2.83,0.72,1
"6e694d38-3e3f-4298-8a8b-48e623d62a30",4,2.83,0.4,2
"98c3ef15-dc32-4435-b685-4c3676f76373",6,3.17,0.88,1
"98c3ef15-dc32-4435-b685-4c3676f76373",6,4.99,0.8,2
"340e16d7-9871-4fc0-a32f-9620a4f1c4d6",4,2.14,0.84,1
"340e16d7-9871-4fc0-a32f-9620a4f1c4d6",4,1.33,0.88,2
"2f45176f-8899-49b0-961d-05de4940ca7d",6,1.67,0.92,1
"2f45176f-8899-49b0-961d-05de4940ca7d",4,1,0.92,2
"9e56614b-aa75-471f-86e1-b4f78edabad7",6,2.34,0.84,1
"9e56614b-aa75-471f-86e1-b4f78edabad7",6,2.03,0.88,2
"f0a78028-7e72-4845-8230-80211fac45bc",4,1.73,0.88,1
"f0a78028-7e72-4845-8230-80211fac45bc",4,1.58,0.88,2
"1f27ab0c-f543-48d4-b9d7-07139009e6a7",4,1.72,0.88,1
"1f27ab0c-f543-48d4-b9d7-07139009e6a7",4,1.27,0.92,2
"28cf1e23-d365-4549-b40c-a158f08d0360",6,4.39,0.76,1
"28cf1e23-d365-4549-b40c-a158f08d0360",4,2.2,0.84,2
"caebec95-e739-4b7a-8d58-55b9f81a0a29",4,1.43,0.88,1
"caebec95-e739-4b7a-8d58-55b9f81a0a29",4,1.69,0.84,2
"6d37f3fa-0781-47db-b59a-3ef83a907a5b",4,2.48,0.6,1
"6d37f3fa-0781-47db-b59a-3ef83a907a5b",6,4.99,0.52,2
"984908e8-5280-443f-968a-cfa3cded9160",6,4.99,0.68,1
"984908e8-5280-443f-968a-cfa3cded9160",6,3.75,0.8,2
"f9d54e5d-3fed-4c1b-ba24-b002f3bb3a2b",6,3.58,0.84,1
"f9d54e5d-3fed-4c1b-ba24-b002f3bb3a2b",4,2.25,0.84,2
"8f289881-2451-43a1-a53a-cbe476e643d8",4,1.27,0.88,1
"8f289881-2451-43a1-a53a-cbe476e643d8",4,1.58,0.88,2
"33441493-610c-4a82-947f-fa434561b0b5",4,1.18,0.92,1
"33441493-610c-4a82-947f-fa434561b0b5",4,2.77,0.8,2
"9578fef2-95b2-42d9-852f-075d03a3145d",4,2.35,0.76,1
"9578fef2-95b2-42d9-852f-075d03a3145d",4,1.99,0.84,2
"d813fa38-983e-434d-b927-4597dae411dd",4,1.81,0.88,1
"d813fa38-983e-434d-b927-4597dae411dd",4,2.36,0.84,2
"3c58a09d-cf65-4ea2-a1b0-a9b9d7340e6e",4,2.31,0.76,1
"3c58a09d-cf65-4ea2-a1b0-a9b9d7340e6e",4,2.31,0.6,2
"74921689-d984-4833-a3f9-4c47cbf16b86",6,1,0.96,1
"74921689-d984-4833-a3f9-4c47cbf16b86",6,1.33,0.92,2
"b2f7eb0e-72ae-4f8f-8152-69daa4c6269d",6,4.44,0.8,1
"b2f7eb0e-72ae-4f8f-8152-69daa4c6269d",6,1.51,0.92,2
"e9b75b4f-09c4-420b-a0f5-a6dca884a11d",6,1.51,0.92,1
"e9b75b4f-09c4-420b-a0f5-a6dca884a11d",4,1.27,0.92,2
"dac90a29-7587-401b-8204-b49aa02be85d",4,1,0.92,1
"dac90a29-7587-401b-8204-b49aa02be85d",4,1.69,0.96,2
"a0e4b134-c87e-4854-944a-2414fbe53ee2",4,1.21,0.88,1
"a0e4b134-c87e-4854-944a-2414fbe53ee2",6,4.13,0.84,2
"87eef245-5766-4c3b-8125-7935e9b49ca4",6,4.64,0.8,1
"87eef245-5766-4c3b-8125-7935e9b49ca4",4,1.73,0.88,2
"dcf2ccfe-46ae-4d3a-8963-41e2a814f6c0",6,2.74,0.88,1
"dcf2ccfe-46ae-4d3a-8963-41e2a814f6c0",4,1.33,0.88,2
"4589aa5d-3fde-49c4-8349-d3c56bacc81f",4,1.65,0.88,1
"4589aa5d-3fde-49c4-8349-d3c56bacc81f",4,1.3,0.92,2
"3c92de00-9fe4-423a-b933-06fc8a5eb1da",4,1.3,0.84,1
"3c92de00-9fe4-423a-b933-06fc8a5eb1da",4,2.05,0.84,2
"9e35805c-cd6e-4ce9-9f5e-26d7a581f08c",4,1,0.92,1
"9e35805c-cd6e-4ce9-9f5e-26d7a581f08c",4,1.58,0.88,2
"93e43cc0-87e6-46fc-b13e-e82973572258",4,2.93,0.8,1
"93e43cc0-87e6-46fc-b13e-e82973572258",6,3.05,0.84,2
"3a0b4ae9-c342-4dad-814b-bf0b0c4bd665",6,2.62,0.88,1
"3a0b4ae9-c342-4dad-814b-bf0b0c4bd665",6,2.44,0.88,2
"37dbdaa7-08e5-44d8-915d-e4cb0abaf4ca",6,1.8,0.88,1
"37dbdaa7-08e5-44d8-915d-e4cb0abaf4ca",4,1.81,0.88,2
"485324f1-16e6-4785-8d23-0501ade70d35",6,2.65,0.8,1
"485324f1-16e6-4785-8d23-0501ade70d35",4,1.15,0.92,2
"3a87ea30-03ad-4429-8ed5-b803f4da52e1",4,1.3,0.92,1
"3a87ea30-03ad-4429-8ed5-b803f4da52e1",4,1.81,0.88,2
"4e4d0054-6511-4bfb-89df-a36b587a7a7c",4,2.19,0.88,1
"4e4d0054-6511-4bfb-89df-a36b587a7a7c",4,1.3,0.92,2
"2f6f1afb-303e-425e-b9ff-8115e1d79735",4,1.54,0.76,1
"2f6f1afb-303e-425e-b9ff-8115e1d79735",4,2.73,0.84,2
"092195f3-22b8-48f2-85ba-a90b891f6f73",6,4.95,0.52,1
"092195f3-22b8-48f2-85ba-a90b891f6f73",4,3,0.48,2
"8fb44af6-9b0a-48f4-a20c-78b0fe4c1636",4,1,0.96,1
"8fb44af6-9b0a-48f4-a20c-78b0fe4c1636",4,1,0.96,2
"2c53c733-3078-4af2-95d1-db8778ecceaa",4,1.92,0.84,1
"2c53c733-3078-4af2-95d1-db8778ecceaa",4,2.55,0.76,2
"ac39da86-27f6-4899-9ab4-09353a102689",6,2.62,0.88,1
"ac39da86-27f6-4899-9ab4-09353a102689",4,1.73,0.88,2
"2bd7c2d9-91e1-4ee3-9993-66d4472814f3",4,1.3,0.92,1
"2bd7c2d9-91e1-4ee3-9993-66d4472814f3",4,1.3,0.92,2
"f7386101-8254-4356-b895-44f6ee1eed68",4,1.18,0.88,1
"f7386101-8254-4356-b895-44f6ee1eed68",4,1.91,0.88,2
"cfde479d-e926-4ba7-b628-b9f5e689c4d1",4,1.3,0.88,1
"cfde479d-e926-4ba7-b628-b9f5e689c4d1",4,1.3,0.96,2
"3a382e4c-c4e6-42ca-8f1b-a5048ba68297",6,2.22,0.88,1
"3a382e4c-c4e6-42ca-8f1b-a5048ba68297",4,1.1,0.88,2
"4fa86196-97df-4c7d-bade-8cf87ae9165c",6,4.33,0.72,1
"e01ea16f-fbfa-49f7-a861-09c098e1575b",4,1.91,0.84,1
"e01ea16f-fbfa-49f7-a861-09c098e1575b",6,3.98,0.84,2
"4fa86196-97df-4c7d-bade-8cf87ae9165c",4,3,0.68,2
"e4864877-7de2-4c14-8e49-ecce51992294",4,1.62,0.84,1
"e4864877-7de2-4c14-8e49-ecce51992294",4,1.53,0.88,2
"85ccefa9-17df-4af1-b7dc-5c7694e57506",4,2.31,0.84,1
"85ccefa9-17df-4af1-b7dc-5c7694e57506",6,3.09,0.8,2
"d1081765-a926-4e0c-9569-d4ac544d13ca",6,3.17,0.88,1
"d1081765-a926-4e0c-9569-d4ac544d13ca",6,4.54,0.68,2
"3b2f042e-2c22-49d5-abcc-c0dc31e35e62",4,2.36,0.76,1
"3b2f042e-2c22-49d5-abcc-c0dc31e35e62",4,1.91,0.88,2
"0de5fd15-937c-40e0-af54-72dd76786a3b",4,2.61,0.68,1
"0de5fd15-937c-40e0-af54-72dd76786a3b",4,1.62,0.88,2
"ca56dd6c-93cb-4d9c-9ca4-b7ea5d17fa12",4,2.48,0.84,1
"ca56dd6c-93cb-4d9c-9ca4-b7ea5d17fa12",4,2.05,0.84,2
"b9cc7a19-78a8-487e-ba75-8f115d2880d9",4,2.93,0.52,1
"93737fc8-b2e8-46ef-a0fa-be27c453a477",4,1.69,0.8,1
"93737fc8-b2e8-46ef-a0fa-be27c453a477",4,2.73,0.84,2
"b9cc7a19-78a8-487e-ba75-8f115d2880d9",4,2.37,0.68,2
"66f60844-1e2b-4933-b6bd-69455b6152ef",4,1.36,0.88,1
"66f60844-1e2b-4933-b6bd-69455b6152ef",4,1.4,0.84,2
"96aee366-9e8c-4ca1-b6c2-d1083b973187",4,1,0.96,1
"96aee366-9e8c-4ca1-b6c2-d1083b973187",4,1.15,0.88,2
"1f51d142-4779-4da9-ae0e-1486e77affc5",4,3,0.4,1
"1f51d142-4779-4da9-ae0e-1486e77affc5",4,3,0.44,2
"25d81f19-8f5d-4c79-98d2-ab7397307b87",4,1.1,0.92,1
"25d81f19-8f5d-4c79-98d2-ab7397307b87",6,2.19,0.88,2
"022c590c-e20d-4306-9f8a-f9297ed2cc55",4,2.48,0.72,1
"022c590c-e20d-4306-9f8a-f9297ed2cc55",4,3,0.68,2
"0437b84a-6cce-49d0-aefc-f779aeb093bb",6,2.18,0.84,1
"bb28f78d-2d79-473b-89e0-e52be347b717",4,1,0.84,1
"0437b84a-6cce-49d0-aefc-f779aeb093bb",4,1.91,0.84,2
"bb28f78d-2d79-473b-89e0-e52be347b717",4,2.48,0.8,2
"333719f9-1539-494e-a97c-2f4d65aba3a4",4,1.91,0.88,1
"333719f9-1539-494e-a97c-2f4d65aba3a4",4,1.91,0.84,2
"02a804f5-e7fb-428d-b173-9a487ddde6eb",4,1.94,0.84,1
"02a804f5-e7fb-428d-b173-9a487ddde6eb",4,1.69,0.8,2
"2b15aad5-085c-416f-a4e7-826caec7d952",4,1.47,0.88,1
"2b15aad5-085c-416f-a4e7-826caec7d952",4,1.27,0.84,2
"a21e7ff8-a5d9-434d-8d32-1015c2d61c52",6,3.93,0.8,1
"a21e7ff8-a5d9-434d-8d32-1015c2d61c52",6,1.83,0.84,2
"a7abeee9-8328-4767-8d36-b7dd6e65094d",4,3,0.64,1
"a7abeee9-8328-4767-8d36-b7dd6e65094d",4,2.05,0.84,2
"46442b8a-85f2-4963-8ed6-40bbcb8fc4e1",4,1.1,0.88,1
"46442b8a-85f2-4963-8ed6-40bbcb8fc4e1",4,1.65,0.88,2
"49297bad-88ba-4675-ad19-1078583fa859",4,2.19,0.84,1
"49297bad-88ba-4675-ad19-1078583fa859",4,2.05,0.84,2
"07aa48d0-1a0c-4864-88f8-9fa308d385e8",4,1,1,1
"07aa48d0-1a0c-4864-88f8-9fa308d385e8",4,1.58,0.88,2
"8ef05b91-4a95-4c79-b0f7-5ea66ad8e942",4,1,0.92,1
"8ef05b91-4a95-4c79-b0f7-5ea66ad8e942",4,1.74,0.84,2
"95a6aed8-9cc5-4bf6-9a25-cbf77e56b807",4,2,0.84,1
"95a6aed8-9cc5-4bf6-9a25-cbf77e56b807",4,2.67,0.8,2
"2cc3e7c2-aabe-40c1-b126-9457e653d4f1",4,1.86,0.84,1
"2cc3e7c2-aabe-40c1-b126-9457e653d4f1",6,1.83,0.88,2
"665c2b5d-0f34-4b17-8aca-88a0b7bfce4c",4,2.54,0.8,1
"665c2b5d-0f34-4b17-8aca-88a0b7bfce4c",4,2.48,0.84,2
"59a7e048-e562-43b4-bd0b-2a6b7d75a4f1",4,1.53,0.84,1
"59a7e048-e562-43b4-bd0b-2a6b7d75a4f1",4,1.07,0.88,2
"f7fc9ae0-f3f1-42b4-ac92-1cb47dabc69c",4,1.91,0.84,1
"f7fc9ae0-f3f1-42b4-ac92-1cb47dabc69c",4,1.58,0.88,2
"f5a05eac-67ef-4903-afea-5ce175ef31f9",4,1.73,0.88,1
"f5a05eac-67ef-4903-afea-5ce175ef31f9",4,1.3,0.92,2
"bb4e20b2-ee4d-448d-99f6-75ff5df366c1",6,4.99,0.56,1
"e1b7e7e0-654b-44ea-8f78-4d4ff01b54a5",6,4.54,0.76,1
"e1b7e7e0-654b-44ea-8f78-4d4ff01b54a5",4,2.25,0.84,2
"bb4e20b2-ee4d-448d-99f6-75ff5df366c1",4,3,0.52,2
"e22ff1f6-4b94-4e31-959c-d4590a8c18f7",6,4.99,0.8,1
"e22ff1f6-4b94-4e31-959c-d4590a8c18f7",6,4.88,0.72,2
"cdd4ab07-2e42-4e2a-8153-969962ef9704",4,1.94,0.84,1
"cdd4ab07-2e42-4e2a-8153-969962ef9704",4,1,0.88,2
"5c4b0974-6115-4cd2-b558-44c1b2f55f7a",4,2.25,0.8,1
"5c4b0974-6115-4cd2-b558-44c1b2f55f7a",4,1.5,0.92,2
"ae2ae8ff-8dd8-4baf-91e6-4ed8e4067f43",4,1,0.88,1
"ae2ae8ff-8dd8-4baf-91e6-4ed8e4067f43",6,1.33,0.92,2
"2f04de9d-42e0-4806-b2b7-62dc1993160a",6,2.38,0.88,1
"2f04de9d-42e0-4806-b2b7-62dc1993160a",6,1.83,0.88,2
"15838af6-6a7c-45b9-9b9d-f6ae74f4302e",4,1.58,0.88,1
"15838af6-6a7c-45b9-9b9d-f6ae74f4302e",4,1.5,0.88,2
"16e8795d-648f-44c9-8d3f-be7f69ea88e2",4,2.1,0.84,1
"16e8795d-648f-44c9-8d3f-be7f69ea88e2",6,3.17,0.8,2
"49f02546-44bd-4bfd-a0fc-66609c2e252d",4,1.47,0.84,1
"49f02546-44bd-4bfd-a0fc-66609c2e252d",6,2.88,0.84,2
"5eb1d8d1-ed76-4547-88c1-254beb1b60a3",6,2.17,0.88,1
"5eb1d8d1-ed76-4547-88c1-254beb1b60a3",4,2.19,0.8,2
"ba2bc6d8-eaf8-436a-a35c-6f3cdfceb180",4,1.05,0.88,1
"ba2bc6d8-eaf8-436a-a35c-6f3cdfceb180",4,1.65,0.84,2
"6be5a671-fec2-4378-8ad7-8fe1d1f52d04",4,1.1,0.92,1
"6be5a671-fec2-4378-8ad7-8fe1d1f52d04",4,1.73,0.88,2
"d6033ce0-4396-4eee-9bfa-7006f4db5640",6,1.55,0.92,1
"d6033ce0-4396-4eee-9bfa-7006f4db5640",6,1.55,0.88,2
"70a8b744-731c-442a-be6a-416f43e54c93",6,3.07,0.76,1
"70a8b744-731c-442a-be6a-416f43e54c93",4,1.81,0.88,2
"a0e74e86-4e47-45c7-96cd-15fda0392bb4",6,2.43,0.84,1
"a0e74e86-4e47-45c7-96cd-15fda0392bb4",6,2.55,0.84,2
"7988eda4-46a1-4abd-95eb-4d92ae2a1f41",4,2.25,0.72,1
"7988eda4-46a1-4abd-95eb-4d92ae2a1f41",4,1.73,0.84,2
"cb00fab8-fb46-4c77-a11e-19890521bae5",4,3,0.8,1
"cb00fab8-fb46-4c77-a11e-19890521bae5",4,3,0.8,2
"571fdb5b-bef6-4089-b54d-415aa694a238",4,1.73,0.88,1
"571fdb5b-bef6-4089-b54d-415aa694a238",4,3,0.76,2
"18bab134-7d61-426c-97a5-3fdfc14fd83a",4,3,0.72,1
"18bab134-7d61-426c-97a5-3fdfc14fd83a",4,3,0.72,2
"b75866f7-cabe-4a61-9b8c-84ed51ead877",4,1.05,0.92,1
"b75866f7-cabe-4a61-9b8c-84ed51ead877",4,1.65,0.88,2
"9e887757-ab83-4914-848a-b27507fb263d",6,4.99,0.8,1
"9e887757-ab83-4914-848a-b27507fb263d",6,4.03,0.84,2
"e02e255c-ada9-4245-b037-1b1acc1f610e",6,1.83,0.92,1
"e02e255c-ada9-4245-b037-1b1acc1f610e",6,3.84,0.84,2
"cf4af09d-000f-4ca8-a456-acc3d6b97231",4,3,0.4,1
"cf4af09d-000f-4ca8-a456-acc3d6b97231",4,3,0.44,2
"25fff7e3-e279-4919-bdc2-52e8aa0bb4f7",4,1.33,0.88,1
"25fff7e3-e279-4919-bdc2-52e8aa0bb4f7",4,1.53,0.88,2
"94e1c3ac-3842-4ccd-8158-f2309d1cc9b0",6,1.66,0.92,1
"94e1c3ac-3842-4ccd-8158-f2309d1cc9b0",6,1.83,0.92,2
"ef16fe51-c1ca-45d9-ac9f-c42e27e4e958",4,1.78,0.84,1
"ef16fe51-c1ca-45d9-ac9f-c42e27e4e958",4,1.58,0.88,2
"59256b1a-d626-487f-9527-00ff72bfdb80",4,1,0.88,1
"59256b1a-d626-487f-9527-00ff72bfdb80",6,1.53,0.92,2
"47277ece-1cc9-4981-99d4-20dbe10d0765",4,1.78,0.84,1
"47277ece-1cc9-4981-99d4-20dbe10d0765",4,1.3,0.96,2
"658f3893-f2c8-4a49-9a74-51eafb2c82e9",4,1.91,0.84,1
"a380e79c-02a0-40a0-987d-5b49349fcb1a",6,2.97,0.8,1
"a380e79c-02a0-40a0-987d-5b49349fcb1a",6,2.51,0.88,2
"658f3893-f2c8-4a49-9a74-51eafb2c82e9",4,3,0.84,2
"19966cba-b06b-4a21-bc37-658d2edfd56d",4,1.47,0.88,1
"19966cba-b06b-4a21-bc37-658d2edfd56d",6,2.38,0.84,2
"1aa28ffb-054f-47b1-8b9d-4b90fbe93116",6,4.54,0.48,1
"1aa28ffb-054f-47b1-8b9d-4b90fbe93116",4,2.93,0.64,2
"8409e089-422d-4c39-9074-ad28e7eb21cf",6,2.22,0.88,1
"8409e089-422d-4c39-9074-ad28e7eb21cf",4,2.6,0.8,2
"b932e59b-342b-4325-8914-c0c35a9d2e23",6,1.69,0.92,1
"b932e59b-342b-4325-8914-c0c35a9d2e23",4,1.39,0.92,2
"f13585a6-f005-4408-b5eb-4d376dce94a9",4,1.1,0.88,1
"f13585a6-f005-4408-b5eb-4d376dce94a9",6,1.83,0.92,2
"2022c76f-d34e-4679-ba96-af45b563b5e7",4,1.58,0.88,1
"2022c76f-d34e-4679-ba96-af45b563b5e7",6,2.75,0.88,2
"c8de6364-9b41-4f42-bc7a-34be77f02298",4,1.07,0.88,1
"c8de6364-9b41-4f42-bc7a-34be77f02298",4,1.39,0.92,2
"b5d68e3a-967e-40a6-9898-3360af700f45",4,1.27,0.92,1
"b5d68e3a-967e-40a6-9898-3360af700f45",4,1.04,0.88,2
"5c365f5a-8a7d-4a09-971e-ed1a86e96b82",4,1.3,0.96,1
"5c365f5a-8a7d-4a09-971e-ed1a86e96b82",4,1.58,0.88,2
"e89dc7e4-fe87-44d3-ba3b-f0bca58e5957",4,1,0.88,1
"e89dc7e4-fe87-44d3-ba3b-f0bca58e5957",4,1.61,0.84,2
"3ceeeb2f-492e-40ad-9302-f4e8b2dda26a",4,2.48,0.84,1
"3ceeeb2f-492e-40ad-9302-f4e8b2dda26a",4,1.73,0.88,2
"c0341500-9fba-4ed4-99f8-26f17a554d8f",6,4.23,0.84,1
"c0341500-9fba-4ed4-99f8-26f17a554d8f",4,1.91,0.88,2
"7c3eb485-8bb1-4b17-baf0-6113354d9468",4,1.27,0.92,1
"7c3eb485-8bb1-4b17-baf0-6113354d9468",4,1.69,0.88,2
"75b4180e-a304-4fb4-aef6-aa38c4fbe665",4,1.05,0.84,1
"75b4180e-a304-4fb4-aef6-aa38c4fbe665",4,1.91,0.88,2
"4c9418cf-d27b-4066-98e5-6a4bff253001",4,1.21,0.88,1
"4c9418cf-d27b-4066-98e5-6a4bff253001",4,1.39,0.92,2
"fa23d468-b2e6-47d4-807d-91399d1b5044",4,1.58,0.88,1
"fa23d468-b2e6-47d4-807d-91399d1b5044",4,1.69,0.88,2
"716c17d3-39c9-4689-88ae-5140c4ce74af",4,2,0.8,1
"716c17d3-39c9-4689-88ae-5140c4ce74af",6,4.12,0.72,2
"91331df1-1c2d-4602-b16f-a13ea8ce9b39",4,2.1,0.84,1
"91331df1-1c2d-4602-b16f-a13ea8ce9b39",6,4.08,0.64,2
"c7267866-223a-4d58-a494-3ff76bafc475",4,1.15,0.92,1
"c7267866-223a-4d58-a494-3ff76bafc475",4,1.69,0.88,2
"c0c57bea-cb34-42dd-9605-cbf770398162",6,3.02,0.84,1
"c0c57bea-cb34-42dd-9605-cbf770398162",4,1.99,0.88,2
"68c5e8a7-f2ca-49a6-b8cd-fcb21b858be3",4,3,0.36,1
"fbf82d77-aa7c-4888-8da2-a7f315ec18e3",4,2.1,0.84,1
"68c5e8a7-f2ca-49a6-b8cd-fcb21b858be3",4,2.73,0.76,2
"fbf82d77-aa7c-4888-8da2-a7f315ec18e3",6,4.44,0.76,2
"2f64cb9e-31ec-4cb9-a9c5-c746956885e4",4,2.68,0.8,1
"2f64cb9e-31ec-4cb9-a9c5-c746956885e4",4,1.05,0.88,2
"37d4ed6f-9aaa-47a3-bac6-f771a069c3b7",6,1.68,0.92,1
"37d4ed6f-9aaa-47a3-bac6-f771a069c3b7",6,1.6,0.88,2
"9c5e205d-09f3-4a03-8aaf-502fb2280f55",4,3,0.56,1
"9c5e205d-09f3-4a03-8aaf-502fb2280f55",6,4.99,0.8,2
"c3d29361-cc7c-4f66-ae21-a4d3915b1c05",4,1.99,0.88,1
"fb951dfd-8f35-458f-93ba-9e0ade73fb9e",6,2.62,0.88,1
"c3d29361-cc7c-4f66-ae21-a4d3915b1c05",4,1.3,0.92,2
"fb951dfd-8f35-458f-93ba-9e0ade73fb9e",6,1.67,0.92,2
"6d331219-e721-4989-ad3a-da077fe90c59",4,1.33,0.84,1
"6d331219-e721-4989-ad3a-da077fe90c59",4,3,0.72,2
"ab872ec8-744e-41e1-b291-5c9af529dbda",4,1.3,0.88,1
"ab872ec8-744e-41e1-b291-5c9af529dbda",4,1.3,0.92,2
"8be7accc-584f-4ef1-9e20-ccbec09fb0ed",6,1.67,0.88,1
"8be7accc-584f-4ef1-9e20-ccbec09fb0ed",4,1.3,0.92,2
"3440426c-0e98-4530-92cc-b3c6f6f13b48",4,3,0.68,1
"3440426c-0e98-4530-92cc-b3c6f6f13b48",4,2.54,0.8,2
"dadd0042-db40-422a-8f00-310e33ff7cdb",4,2.25,0.56,1
"dadd0042-db40-422a-8f00-310e33ff7cdb",6,4.99,0.4,2
"c122ae2f-b574-4730-abdf-fded48ba52f6",4,1.47,0.88,1
"c122ae2f-b574-4730-abdf-fded48ba52f6",4,1,1.04,2
"c7968047-23f6-4edc-9dd9-44658ef43745",6,4.89,0.72,1
"c7968047-23f6-4edc-9dd9-44658ef43745",6,3.94,0.76,2
"15f2b469-b375-4e89-bee4-69b8a07cf584",4,3,0.36,1
"15f2b469-b375-4e89-bee4-69b8a07cf584",4,3,0.64,2
"91233184-5bc3-47eb-826e-632181724d89",4,2.25,0.84,1
"91233184-5bc3-47eb-826e-632181724d89",4,1,0.96,2
"b0335647-0346-4a01-9d53-1c9749198bc9",4,1.5,0.84,1
"b0335647-0346-4a01-9d53-1c9749198bc9",4,1.65,0.84,2
"f5ce4a2a-2935-485c-91a3-8c30d08552c5",4,1.3,0.84,1
"f5ce4a2a-2935-485c-91a3-8c30d08552c5",4,1.39,0.88,2
"6ccc9013-78bd-4dd0-b293-30c129476291",4,2.05,0.84,1
"6ccc9013-78bd-4dd0-b293-30c129476291",6,3.37,0.84,2
"93ee92cc-cb9c-4234-b3a0-d0d48dafc06d",4,3,0.76,1
"93ee92cc-cb9c-4234-b3a0-d0d48dafc06d",4,2.93,0.76,2
"aec5cd83-6b5b-4ee5-86bc-a6d65b5e7334",6,3.33,0.76,1
"aec5cd83-6b5b-4ee5-86bc-a6d65b5e7334",6,2.5,0.84,2
"48f9a63a-61e7-4afd-aaad-5e6f6373d3ae",4,1.21,0.88,1
"48f9a63a-61e7-4afd-aaad-5e6f6373d3ae",4,1.69,0.8,2
"63249fec-b69d-454a-8e22-1da4d3669c7c",4,1.37,0.84,1
"63249fec-b69d-454a-8e22-1da4d3669c7c",6,4.99,0.8,2
"28e36813-20e1-40ac-9bfb-19be98fcdab0",4,1.27,0.92,1
"28e36813-20e1-40ac-9bfb-19be98fcdab0",4,1.77,0.84,2
"15f45b7c-5d00-46a5-afde-d7be1ebce600",4,1,0.92,1
"15f45b7c-5d00-46a5-afde-d7be1ebce600",4,1,0.88,2
"aa3636cf-9777-4956-97c4-9d014a63471f",4,1,0.96,1
"aa3636cf-9777-4956-97c4-9d014a63471f",4,1,0.92,2
"2a7df455-a64f-4d04-9a20-98e9a883431d",6,4.03,0.8,1
"2a7df455-a64f-4d04-9a20-98e9a883431d",6,3.66,0.84,2
"c3bc080c-c8d7-4b58-83d1-73711688ce8b",6,2.88,0.88,1
"c3bc080c-c8d7-4b58-83d1-73711688ce8b",6,2.44,0.88,2
"1dc6e621-3d13-4b89-9c72-b1f3bbcb63f7",4,3,0.76,1
"1dc6e621-3d13-4b89-9c72-b1f3bbcb63f7",4,2.48,0.6,2
"96b693ea-19d6-4a78-85f5-b8179076a681",4,3,0.76,1
"96b693ea-19d6-4a78-85f5-b8179076a681",4,1.69,0.72,2
"021efb75-51bd-4ee2-a060-5d7ac682bbd6",4,2.73,0.68,1
"021efb75-51bd-4ee2-a060-5d7ac682bbd6",6,3.98,0.72,2
"8005458c-3579-4b4f-9422-646ad443af9a",4,2.73,0.84,1
"8005458c-3579-4b4f-9422-646ad443af9a",6,1.6,0.88,2
"b55255a6-1ede-430d-b028-9451b50bf6a7",6,3.17,0.88,1
"b55255a6-1ede-430d-b028-9451b50bf6a7",4,1.3,0.92,2
"a8d73e7a-262b-4961-b6c4-729df7035347",6,4.12,0.76,1
"a8d73e7a-262b-4961-b6c4-729df7035347",4,2.15,0.84,2
"fbca2be6-c6b2-4553-8be5-58253772cb23",4,2.25,0.84,1
"fbca2be6-c6b2-4553-8be5-58253772cb23",4,1.39,0.92,2
"dc822756-161c-4b9e-9fdc-4785aefa01ad",4,1.37,0.92,1
"dc822756-161c-4b9e-9fdc-4785aefa01ad",4,1.3,0.96,2
"3d8b8b64-18b1-420e-b996-75c4866e09e2",4,1.18,0.92,1
"d66d008a-637e-4bea-aba7-d4cda4a6a57d",4,1.58,0.88,1
"3d8b8b64-18b1-420e-b996-75c4866e09e2",6,1.51,0.88,2
"d66d008a-637e-4bea-aba7-d4cda4a6a57d",4,1.1,0.92,2
"f969d53d-8c3a-44bc-9696-a191b07cf8b8",4,1.3,0.96,1
"f969d53d-8c3a-44bc-9696-a191b07cf8b8",4,1.3,0.96,2
"4b114710-1174-4abe-8db9-2f973e948e9f",6,4.58,0.56,1
"4b114710-1174-4abe-8db9-2f973e948e9f",4,3,0.68,2
"c0159aa4-1ec9-4e6a-b4e8-0733e036800a",6,3.99,0.76,1
"c0159aa4-1ec9-4e6a-b4e8-0733e036800a",4,2,0.8,2
"e07c0534-a1d5-4817-b265-33f4b9ac98fa",4,1.8,0.88,1
"e07c0534-a1d5-4817-b265-33f4b9ac98fa",4,1.49,0.88,2
"62ebcc9c-0167-4393-9b3e-526d821fb7ab",4,1.3,0.92,1
"62ebcc9c-0167-4393-9b3e-526d821fb7ab",4,1.3,0.92,2
"17f6268c-136b-4651-b449-e1963ea0fc40",4,1.18,0.88,1
"17f6268c-136b-4651-b449-e1963ea0fc40",4,1.43,0.88,2
"24a059d9-7d7e-4350-9006-61bcf97f716e",6,1.83,0.88,1
"24a059d9-7d7e-4350-9006-61bcf97f716e",4,1,0.96,2
"4e194fa5-513f-458e-a30e-18e143f9483e",4,1.69,0.84,1
"4e194fa5-513f-458e-a30e-18e143f9483e",4,1.58,0.88,2
"b2f055dd-ab90-4821-a7b2-972d2b3fc115",6,2.81,0.84,1
"b2f055dd-ab90-4821-a7b2-972d2b3fc115",4,1.33,0.84,2
"cc230f47-0618-430a-8934-e7fcbeae21c6",4,1.73,0.84,1
"cc230f47-0618-430a-8934-e7fcbeae21c6",6,1.99,0.88,2
"fee48660-25f3-4628-a6ef-b833d810eea4",4,1.07,0.92,1
"fee48660-25f3-4628-a6ef-b833d810eea4",4,1,0.96,2
"76d73515-8af6-4093-94dc-828ae9894742",4,1.1,0.92,1
"a0f73089-23c4-4039-a0e4-5e6038c3f209",4,1.69,0.92,1
"76d73515-8af6-4093-94dc-828ae9894742",4,1,0.92,2
"a0f73089-23c4-4039-a0e4-5e6038c3f209",6,2.91,0.88,2
"6ccc3c51-0fde-42ff-b9be-4a68a08cd235",4,1.39,0.92,1
"6ccc3c51-0fde-42ff-b9be-4a68a08cd235",4,1.18,0.88,2
"76372bda-1baa-4602-bbab-a600fb9b8a01",6,2.75,0.8,1
"76372bda-1baa-4602-bbab-a600fb9b8a01",4,1.91,0.88,2
